date,target_date,station,elevated_pm25_probability,elevated_pm25_prediction,expected_daily_mean_pm25,expected_elevated_hours,fsi_total,aligned_frp_sum,upwind_frp_sum,nearest_upwind_fire_km,pm25_mean,wind_speed_mean,pm25_coverage_ratio,humidity_coverage_ratio,wind_speed_coverage_ratio,wind_direction_coverage_ratio,firms_local_day_complete,firms_48h_complete,fire_smoke_influence,input_reliability_score,input_reliability,decision_support_summary,disclaimer
2024-01-02,2024-01-03,Palmerston,0.0300798272709894,0,7.709652761822642,0.3532159153321785,22.997021898399616,4530.206655103471,4901.45,26.866971701720026,5.2719047619047625,2.2391666666666667,0.875,1.0,1.0,1.0,1,1,Low,0.9791666666666666,High,Lower predicted next-day smoke concern; continue checking official air-quality information.,Research decision-support prototype only; not an official NT EPA warning or medical advice.
2024-01-05,2024-01-06,Palmerston,0.0085916205760529,0,4.485655708755406,0.1190876759105644,1.5898849546145837,501.0264771696076,223.67,318.72167338857975,5.002857142857143,2.0791304347826087,0.875,1.0,0.9583333333333334,0.9583333333333334,1,1,Low,0.9652777777777778,High,Lower predicted next-day smoke concern; continue checking official air-quality information.,Research decision-support prototype only; not an official NT EPA warning or medical advice.
2024-01-15,2024-01-16,Palmerston,0.0092371847947709,0,5.123315881483045,0.098473015589918,0.0,0.0,0.0,,4.392380952380952,9.137916666666667,0.875,1.0,1.0,1.0,1,1,Minimal,0.9791666666666666,High,Lower predicted next-day smoke concern; continue checking official air-quality information.,Research decision-support prototype only; not an official NT EPA warning or medical advice.
2024-01-17,2024-01-18,Palmerston,0.0083432001468448,0,5.184152902782245,0.0964066198117056,0.0,0.0,0.0,,4.847619047619047,9.04875,0.875,1.0,1.0,1.0,1,1,Minimal,0.9791666666666666,High,Lower predicted next-day smoke concern; continue checking official air-quality information.,Research decision-support prototype only; not an official NT EPA warning or medical advice.
2024-01-18,2024-01-19,Palmerston,0.0082062386929149,0,5.487582166615436,0.1021797717815704,0.0,0.0,0.0,,5.309166666666667,8.422500000000001,1.0,1.0,1.0,1.0,1,1,Minimal,1.0,High,Lower predicted next-day smoke concern; continue checking official air-quality information.,Research decision-support prototype only; not an official NT EPA warning or medical advice.
2024-01-19,2024-01-20,Palmerston,0.0065365996778738,0,5.124010441136104,0.0974607583053883,0.0,0.0,0.0,,4.4175,7.67625,1.0,1.0,1.0,1.0,1,1,Minimal,1.0,High,Lower predicted next-day smoke concern; continue checking official air-quality information.,Research decision-support prototype only; not an official NT EPA warning or medical advice.
2024-01-20,2024-01-21,Palmerston,0.0062767477452852,0,4.948961606327733,0.0920748076540479,0.0,0.0,0.0,,4.549166666666667,7.2775,1.0,1.0,1.0,1.0,1,1,Minimal,1.0,High,Lower predicted next-day smoke concern; continue checking official air-quality information.,Research decision-support prototype only; not an official NT EPA warning or medical advice.
2024-01-22,2024-01-23,Palmerston,0.0075410624101961,0,5.07650635271209,0.1072551052330719,0.0,0.0,0.0,,8.133809523809523,5.145416666666667,0.875,1.0,1.0,1.0,1,1,Minimal,0.9791666666666666,High,Lower predicted next-day smoke concern; continue checking official air-quality information.,Research decision-support prototype only; not an official NT EPA warning or medical advice.
2024-02-08,2024-02-09,Palmerston,0.0197587288004065,0,5.054015348699915,0.2278108499197137,0.4539780254536781,5.349382299407486,3.6,415.7695571046842,,1.960416666666667,0.7083333333333334,1.0,1.0,1.0,1,1,Low,0.951388888888889,High,Lower predicted next-day smoke concern; continue checking official air-quality information.,Research decision-support prototype only; not an official NT EPA warning or medical advice.
2024-02-09,2024-02-10,Palmerston,0.0030514175111266,0,3.588410451911823,0.1110120191785154,0.0710029668251091,0.7485862383762845,0.0,,2.9925,1.86875,1.0,1.0,1.0,1.0,1,1,Low,1.0,High,Lower predicted next-day smoke concern; continue checking official air-quality information.,Research decision-support prototype only; not an official NT EPA warning or medical advice.
2024-02-20,2024-02-21,Palmerston,0.0138449959688526,0,5.69972602518821,0.2136765104259916,0.0,0.0,0.0,,4.748095238095239,3.4137500000000003,0.875,1.0,1.0,1.0,1,1,Minimal,0.9791666666666666,High,Lower predicted next-day smoke concern; continue checking official air-quality information.,Research decision-support prototype only; not an official NT EPA warning or medical advice.
2024-03-02,2024-03-03,Palmerston,0.0055554682540003,0,2.973753184813708,0.0916877910593433,0.0,0.0,0.0,,4.054347826086956,2.155,0.9583333333333334,1.0,1.0,1.0,1,1,Minimal,0.9930555555555557,High,Lower predicted next-day smoke concern; continue checking official air-quality information.,Research decision-support prototype only; not an official NT EPA warning or medical advice.
2024-03-04,2024-03-05,Palmerston,0.00668803048292,0,3.347791825851294,0.1607515629411151,0.0,0.0,0.0,,2.1957142857142857,1.81875,0.875,1.0,1.0,0.9583333333333334,1,1,Minimal,0.9722222222222223,High,Lower predicted next-day smoke concern; continue checking official air-quality information.,Research decision-support prototype only; not an official NT EPA warning or medical advice.
2024-03-16,2024-03-17,Palmerston,0.0114779192829496,0,4.863187572634526,0.17747943375619,0.0,0.0,0.0,,3.4113043478260865,6.024583333333333,0.9583333333333334,1.0,1.0,1.0,1,1,Minimal,0.9930555555555557,High,Lower predicted next-day smoke concern; continue checking official air-quality information.,Research decision-support prototype only; not an official NT EPA warning or medical advice.
2024-03-17,2024-03-18,Palmerston,0.0096596087047916,0,4.892741924402674,0.1806839512134296,0.0,0.0,0.0,,3.22,6.429166666666667,1.0,1.0,1.0,1.0,1,1,Minimal,1.0,High,Lower predicted next-day smoke concern; continue checking official air-quality information.,Research decision-support prototype only; not an official NT EPA warning or medical advice.
2024-03-18,2024-03-19,Palmerston,0.0100218060101969,0,4.819777509857552,0.1686073233956608,0.0,0.0,0.0,,3.955833333333333,6.576666666666667,1.0,1.0,1.0,1.0,1,1,Minimal,1.0,High,Lower predicted next-day smoke concern; continue checking official air-quality information.,Research decision-support prototype only; not an official NT EPA warning or medical advice.
2024-03-22,2024-03-23,Palmerston,0.0081520823975743,0,4.643799320472112,0.2355276478375872,0.0,0.0,0.0,,2.670434782608696,2.41125,0.9583333333333334,1.0,1.0,1.0,1,1,Minimal,0.9930555555555557,High,Lower predicted next-day smoke concern; continue checking official air-quality information.,Research decision-support prototype only; not an official NT EPA warning or medical advice.
2024-03-23,2024-03-24,Palmerston,0.0096752871764977,0,4.412379268285148,0.1949434666891015,0.0,0.0,0.0,,4.62,2.9095833333333334,1.0,1.0,1.0,1.0,1,1,Minimal,1.0,High,Lower predicted next-day smoke concern; continue checking official air-quality information.,Research decision-support prototype only; not an official NT EPA warning or medical advice.
2024-03-25,2024-03-26,Palmerston,0.0137451076061266,0,6.805601399512839,0.2699836406394433,0.0,0.0,0.0,,7.364545454545455,2.151666666666667,0.9166666666666666,1.0,1.0,1.0,1,1,Minimal,0.986111111111111,High,Lower predicted next-day smoke concern; continue checking official air-quality information.,Research decision-support prototype only; not an official NT EPA warning or medical advice.
2024-03-26,2024-03-27,Palmerston,0.0127674216898962,0,6.159153392952971,0.1569391661122208,0.0836049240483238,36.13750810856413,0.0,,6.3879166666666665,2.29375,1.0,1.0,1.0,1.0,1,1,Low,1.0,High,Lower predicted next-day smoke concern; continue checking official air-quality information.,Research decision-support prototype only; not an official NT EPA warning or medical advice.
2024-04-19,2024-04-20,Palmerston,0.0405555303048267,0,6.355542803930553,0.3460349027713815,5.200710387922158,545.5891617302722,372.91,192.34015624507057,5.460434782608695,1.7533333333333332,0.9583333333333334,1.0,1.0,1.0,1,1,Low,0.9930555555555557,High,Lower predicted next-day smoke concern; continue checking official air-quality information.,Research decision-support prototype only; not an official NT EPA warning or medical advice.
2024-04-20,2024-04-21,Palmerston,0.1403792471535731,0,9.8620344308834,0.9260764401977092,20.984288033611847,1793.4463905433786,1561.5,179.00333479246788,5.684166666666666,2.307916666666667,1.0,1.0,1.0,1.0,1,1,Low,1.0,High,Lower predicted next-day smoke concern; continue checking official air-quality information.,Research decision-support prototype only; not an official NT EPA warning or medical advice.
2024-04-21,2024-04-22,Palmerston,0.1304046441173942,0,9.154683343838927,0.6218016921714941,15.611037004928344,1967.497782566838,1781.15,178.9259465715242,6.279583333333334,2.17625,1.0,1.0,1.0,1.0,1,1,Low,1.0,High,Lower predicted next-day smoke concern; continue checking official air-quality information.,Research decision-support prototype only; not an official NT EPA warning or medical advice.
2024-04-22,2024-04-23,Palmerston,0.0574013956267769,0,7.260630229635195,0.7274284631045951,12.729087379599584,805.5648749237109,511.79,28.970319556816666,4.88375,1.8554166666666667,1.0,1.0,1.0,1.0,1,1,Low,1.0,High,Lower predicted next-day smoke concern; continue checking official air-quality information.,Research decision-support prototype only; not an official NT EPA warning or medical advice.
2024-04-25,2024-04-26,Palmerston,0.0261271509569422,0,4.304889414758087,0.5301687111872435,7.886783670043384,756.4662862575385,424.29,19.14795956812821,2.411,2.267826086956521,0.8333333333333334,1.0,0.9583333333333334,0.9583333333333334,1,1,Low,0.9583333333333334,High,Lower predicted next-day smoke concern; continue checking official air-quality information.,Research decision-support prototype only; not an official NT EPA warning or medical advice.
2024-04-26,2024-04-27,Palmerston,0.0327714048953622,0,6.637046790516269,0.6577707975033826,39.94026968111268,3073.6465655231023,619.5099999999999,19.14795956812821,2.7412499999999995,2.1091666666666664,1.0,1.0,1.0,1.0,1,1,Moderate,1.0,High,Lower predicted next-day smoke concern; continue checking official air-quality information.,Research decision-support prototype only; not an official NT EPA warning or medical advice.
2024-04-27,2024-04-28,Palmerston,0.1029154227022861,0,8.551120453986309,0.9489221768061544,85.88076512692244,8859.443245352477,856.43,18.56132408920576,6.429583333333333,2.1558333333333333,1.0,1.0,1.0,1.0,1,1,Moderate,1.0,High,Lower predicted next-day smoke concern; continue checking official air-quality information.,Research decision-support prototype only; not an official NT EPA warning or medical advice.
2024-04-28,2024-04-29,Palmerston,0.135780089986118,0,10.482006927623129,1.2590366472353498,151.61730492276277,8352.392541047022,3438.63,18.56132408920576,8.417916666666667,1.93875,1.0,1.0,1.0,1.0,1,1,High,1.0,High,Some smoke impact is possible; monitor updated conditions and official information.,Research decision-support prototype only; not an official NT EPA warning or medical advice.
2024-04-29,2024-04-30,Palmerston,0.0440332087876607,0,6.857506396253847,0.7092733227134869,124.39827457537524,6593.282256098015,4488.41,28.577845686508997,7.96,1.7833333333333332,1.0,1.0,1.0,1.0,1,1,Moderate,1.0,High,Lower predicted next-day smoke concern; continue checking official air-quality information.,Research decision-support prototype only; not an official NT EPA warning or medical advice.
2024-04-30,2024-05-01,Palmerston,0.0494946621657693,0,6.962847362525387,0.6701395021242935,77.92733864220708,3979.7586766297673,2922.69,80.3421886973209,5.503333333333334,2.293913043478261,1.0,1.0,0.9583333333333334,0.9583333333333334,1,1,Moderate,0.9861111111111112,High,Lower predicted next-day smoke concern; continue checking official air-quality information.,Research decision-support prototype only; not an official NT EPA warning or medical advice.
2024-05-02,2024-05-03,Palmerston,0.1714694249847497,0,7.849364763959775,1.3178777112727702,53.15304054822285,2322.528807758814,1986.36,72.54639062541871,4.73695652173913,2.1125000000000003,0.9583333333333334,1.0,1.0,1.0,1,1,Moderate,0.9930555555555557,High,Some smoke impact is possible; monitor updated conditions and official information.,Research decision-support prototype only; not an official NT EPA warning or medical advice.
2024-05-04,2024-05-05,Palmerston,0.1823708248111198,0,8.943674431645572,1.4807507461219065,173.39289374562424,6247.687293909299,5181.459999999999,36.95581501916708,5.71304347826087,2.024583333333333,0.9583333333333334,1.0,1.0,1.0,1,1,High,0.9930555555555557,High,Some smoke impact is possible; monitor updated conditions and official information.,Research decision-support prototype only; not an official NT EPA warning or medical advice.
2024-05-05,2024-05-06,Palmerston,0.2007694667400116,0,7.740959230349992,1.5463783353662168,73.75684426977634,3227.528168861676,3115.1200000000003,36.95581501916708,5.739166666666667,2.023913043478261,1.0,1.0,0.9583333333333334,0.9583333333333334,1,1,Moderate,0.9861111111111112,High,Some smoke impact is possible; monitor updated conditions and official information.,Research decision-support prototype only; not an official NT EPA warning or medical advice.
2024-05-08,2024-05-09,Palmerston,0.2300008798438875,0,11.119814734952383,2.0050962591268062,227.2588416983603,16267.770846684774,14251.45,77.83653020379343,7.497826086956521,1.7179166666666663,0.9583333333333334,1.0,1.0,1.0,1,1,High,0.9930555555555557,High,Some smoke impact is possible; monitor updated conditions and official information.,Research decision-support prototype only; not an official NT EPA warning or medical advice.
2024-05-09,2024-05-10,Palmerston,0.1790232955772863,0,9.681740996934534,1.5745438277291004,250.03477581126543,24519.285923726733,16928.2,55.79253686664628,6.349583333333334,1.63,1.0,1.0,1.0,1.0,1,1,High,1.0,High,Some smoke impact is possible; monitor updated conditions and official information.,Research decision-support prototype only; not an official NT EPA warning or medical advice.
2024-05-10,2024-05-11,Palmerston,0.1729277902562286,0,9.326719534684576,1.357182509017862,258.2922065586088,19450.71360701692,17181.37,58.663718666652,7.43875,1.794166666666667,1.0,1.0,1.0,1.0,1,1,High,1.0,High,Some smoke impact is possible; monitor updated conditions and official information.,Research decision-support prototype only; not an official NT EPA warning or medical advice.
2024-05-11,2024-05-12,Palmerston,0.8253858368075998,0,18.104226867542977,6.750973161601303,226.47981755169045,21352.084988250703,20510.05,65.14790462485672,23.861666666666665,2.049583333333333,1.0,1.0,1.0,1.0,1,1,High,1.0,High,Elevated smoke conditions are possible; review outdoor plans and official NT EPA information.,Research decision-support prototype only; not an official NT EPA warning or medical advice.
2024-05-20,2024-05-21,Palmerston,0.3052409818342383,0,15.446081638785715,3.6291298362263738,0.0,0.0,0.0,,,,0.625,0.5833333333333334,0.5833333333333334,0.5833333333333334,1,1,Minimal,0.7291666666666666,Limited,Some smoke impact is possible; monitor updated conditions and official information.,Research decision-support prototype only; not an official NT EPA warning or medical advice.
2024-05-21,2024-05-22,Palmerston,0.8407549191949285,0,26.809419288377452,6.642289447060983,483.4564856519104,34360.62225211589,32998.42,0.926770493193889,24.63125,2.30625,1.0,1.0,1.0,1.0,1,1,High,1.0,High,Elevated smoke conditions are possible; review outdoor plans and official NT EPA information.,Research decision-support prototype only; not an official NT EPA warning or medical advice.
2024-05-22,2024-05-23,Palmerston,0.8218786645994398,0,22.67072082077285,5.670622726397705,249.9126390360125,24802.10396218423,24136.74,0.926770493193889,27.29458333333333,2.277083333333333,1.0,1.0,1.0,1.0,1,1,High,1.0,High,Elevated smoke conditions are possible; review outdoor plans and official NT EPA information.,Research decision-support prototype only; not an official NT EPA warning or medical advice.
2024-05-23,2024-05-24,Palmerston,0.6234002711733716,0,17.788620840201975,3.191768353453796,159.00338211911998,15675.782598337735,16559.78,54.86704589161535,24.25208333333333,1.9963636363636363,1.0,1.0,0.9166666666666666,0.9166666666666666,1,1,High,0.9722222222222222,High,Elevated smoke conditions are possible; review outdoor plans and official NT EPA information.,Research decision-support prototype only; not an official NT EPA warning or medical advice.
2024-05-24,2024-05-25,Palmerston,0.2931820488175912,0,12.556787163253336,1.9279465136147085,97.27712162598444,8972.441760029687,9081.93,54.86704589161535,13.93125,1.8541666666666667,1.0,1.0,1.0,0.9583333333333334,1,1,Moderate,0.9930555555555557,High,Some smoke impact is possible; monitor updated conditions and official information.,Research decision-support prototype only; not an official NT EPA warning or medical advice.
2024-05-26,2024-05-27,Palmerston,0.2524596717907518,0,8.321672766589394,1.667343311814534,80.35907366628122,5441.562365691547,5466.04,52.53572439549704,7.257272727272727,1.7200000000000002,0.9166666666666666,1.0,0.9583333333333334,0.9583333333333334,1,1,Moderate,0.9722222222222223,High,Some smoke impact is possible; monitor updated conditions and official information.,Research decision-support prototype only; not an official NT EPA warning or medical advice.
2024-05-27,2024-05-28,Palmerston,0.4913036050040291,0,13.328248304324829,2.579934393908556,123.7565217981981,6284.509050040847,6157.869999999999,60.14506566834979,11.903333333333334,2.0941666666666667,1.0,1.0,1.0,1.0,1,1,Moderate,1.0,High,Some smoke impact is possible; monitor updated conditions and official information.,Research decision-support prototype only; not an official NT EPA warning or medical advice.
2024-05-29,2024-05-30,Palmerston,0.1375972783888722,0,9.20840962714769,1.3293493021785598,28.44208965268902,2470.992914142032,1614.0499999999995,48.58579681432972,7.2708695652173905,2.33375,0.9583333333333334,1.0,1.0,1.0,1,1,Moderate,0.9930555555555557,High,Some smoke impact is possible; monitor updated conditions and official information.,Research decision-support prototype only; not an official NT EPA warning or medical advice.
2024-06-05,2024-06-06,Palmerston,0.5109502636489237,0,22.46615392237814,0.7122615194389691,,,,,11.38375,2.370833333333333,1.0,1.0,1.0,1.0,1,0,Unknown,0.8333333333333334,Moderate,Elevated smoke conditions are possible; review outdoor plans and official NT EPA information.,Research decision-support prototype only; not an official NT EPA warning or medical advice.
2024-06-06,2024-06-07,Palmerston,0.75886867596681,0,16.67963788847269,4.311096335033331,213.4217093436544,14923.357451908094,15076.41,20.02430268569204,8.340416666666668,2.708333333333333,1.0,1.0,1.0,1.0,1,1,High,1.0,High,Elevated smoke conditions are possible; review outdoor plans and official NT EPA information.,Research decision-support prototype only; not an official NT EPA warning or medical advice.
2024-06-07,2024-06-08,Palmerston,0.9216177018947382,1,21.275207236900982,7.490625110321531,277.0752912341384,24774.82413067125,25919.86,20.02430268569204,19.805416666666662,2.47625,1.0,1.0,1.0,1.0,1,1,High,1.0,High,Elevated smoke conditions are possible; review outdoor plans and official NT EPA information.,Research decision-support prototype only; not an official NT EPA warning or medical advice.
2024-06-08,2024-06-09,Palmerston,0.969183539372844,1,25.40145808396561,12.429682650700796,203.95221810295035,28884.81575476429,29701.14,48.50772930104937,27.18,1.8334782608695648,1.0,1.0,0.9583333333333334,0.9583333333333334,1,1,High,0.9861111111111112,High,Elevated smoke conditions are possible; review outdoor plans and official NT EPA information.,Research decision-support prototype only; not an official NT EPA warning or medical advice.
2024-06-09,2024-06-10,Palmerston,0.7825145093311079,0,21.104051190816325,5.507062899721454,150.81864509240927,17973.4061573663,18891.95,12.768934223629808,20.655416666666667,1.8404166666666668,1.0,1.0,1.0,1.0,1,1,High,1.0,High,Elevated smoke conditions are possible; review outdoor plans and official NT EPA information.,Research decision-support prototype only; not an official NT EPA warning or medical advice.
2024-06-10,2024-06-11,Palmerston,0.445709122324621,0,14.839819280160842,2.6209418637002773,98.58241628202686,8135.530186580857,7917.469999999999,27.206568164807887,13.523333333333332,1.6569565217391304,1.0,1.0,0.9583333333333334,0.9583333333333334,1,1,Moderate,0.9861111111111112,High,Some smoke impact is possible; monitor updated conditions and official information.,Research decision-support prototype only; not an official NT EPA warning or medical advice.
2024-06-13,2024-06-14,Palmerston,0.5312647535540157,0,14.159771303019571,3.706817520404556,0.0,0.0,0.0,,,,0.5833333333333334,0.5833333333333334,0.5416666666666666,0.5416666666666666,1,1,Minimal,0.7083333333333334,Limited,Elevated smoke conditions are possible; review outdoor plans and official NT EPA information.,Research decision-support prototype only; not an official NT EPA warning or medical advice.
2024-06-14,2024-06-15,Palmerston,0.7222951719064333,0,18.571340108723295,5.126303063869814,120.7827432143222,19540.592372465984,19893.37,31.83224047511955,15.89625,1.643333333333333,1.0,1.0,1.0,1.0,1,1,Moderate,1.0,High,Elevated smoke conditions are possible; review outdoor plans and official NT EPA information.,Research decision-support prototype only; not an official NT EPA warning or medical advice.
2024-06-15,2024-06-16,Palmerston,0.7811221546798717,0,21.17136486181662,5.553239741027368,166.52105487751362,18166.455479168784,18285.41,14.969293800374627,19.808333333333334,1.75,1.0,1.0,0.9583333333333334,0.9583333333333334,1,1,High,0.9861111111111112,High,Elevated smoke conditions are possible; review outdoor plans and official NT EPA information.,Research decision-support prototype only; not an official NT EPA warning or medical advice.
2024-06-16,2024-06-17,Palmerston,0.8091259854018293,0,19.25977634351033,4.654784757450287,178.37586991561983,18037.98030800347,16065.96,14.969293800374627,19.81125,1.8008333333333333,1.0,1.0,1.0,1.0,1,1,High,1.0,High,Elevated smoke conditions are possible; review outdoor plans and official NT EPA information.,Research decision-support prototype only; not an official NT EPA warning or medical advice.
2024-06-17,2024-06-18,Palmerston,0.8557877646053682,0,21.550317082922664,7.761113554770882,195.58313278577828,29563.639508307293,27357.51,10.349708121564651,21.49833333333333,1.91,1.0,1.0,0.9166666666666666,0.9166666666666666,1,1,High,0.9722222222222222,High,Elevated smoke conditions are possible; review outdoor plans and official NT EPA information.,Research decision-support prototype only; not an official NT EPA warning or medical advice.
2024-06-18,2024-06-19,Palmerston,0.9380625940850036,1,25.14240003690712,11.237379683024724,213.5519176498669,38140.81398619141,39546.68,10.349708121564651,26.142916666666668,1.7200000000000002,1.0,1.0,0.9583333333333334,0.9583333333333334,1,1,High,0.9861111111111112,High,Elevated smoke conditions are possible; review outdoor plans and official NT EPA information.,Research decision-support prototype only; not an official NT EPA warning or medical advice.
2024-06-19,2024-06-20,Palmerston,0.9220667214609426,1,25.25577899831728,8.710124270952385,223.5971706678325,31121.204749286066,31463.38,24.974618031835305,24.609166666666667,1.7660869565217394,1.0,1.0,0.9583333333333334,0.9583333333333334,1,1,High,0.9861111111111112,High,Elevated smoke conditions are possible; review outdoor plans and official NT EPA information.,Research decision-support prototype only; not an official NT EPA warning or medical advice.
2024-06-20,2024-06-21,Palmerston,0.8726013532343945,1,25.02898039096602,7.490778000536115,279.8177444619697,25140.17734662235,25355.77,24.974618031835305,25.27833333333333,1.9039130434782607,1.0,1.0,0.9583333333333334,0.9583333333333334,1,1,High,0.9861111111111112,High,Elevated smoke conditions are possible; review outdoor plans and official NT EPA information.,Research decision-support prototype only; not an official NT EPA warning or medical advice.
2024-06-21,2024-06-22,Palmerston,0.9682185109555036,1,26.848683461134428,10.753181582485782,329.16399278299457,26873.713965710376,27501.78,27.85789634830141,27.249166666666667,2.21125,1.0,1.0,1.0,1.0,1,1,High,1.0,High,Elevated smoke conditions are possible; review outdoor plans and official NT EPA information.,Research decision-support prototype only; not an official NT EPA warning or medical advice.
2024-06-22,2024-06-23,Palmerston,0.8783211299945399,1,23.05660677970382,7.786049177958204,291.3385200492816,22712.40326330626,23167.83,27.85789634830141,18.81583333333333,2.460833333333333,1.0,1.0,1.0,1.0,1,1,High,1.0,High,Elevated smoke conditions are possible; review outdoor plans and official NT EPA information.,Research decision-support prototype only; not an official NT EPA warning or medical advice.
2024-06-27,2024-06-28,Palmerston,0.4929411567098785,0,10.946803582650686,3.5569315296024198,67.77453478488174,5614.207237583648,5573.06,28.595535238088114,,1.641304347826087,0.375,1.0,0.9583333333333334,0.9583333333333334,1,1,Moderate,0.8819444444444445,Moderate,Some smoke impact is possible; monitor updated conditions and official information.,Research decision-support prototype only; not an official NT EPA warning or medical advice.
2024-06-28,2024-06-29,Palmerston,0.2103544916105629,0,12.214943926027486,1.6545433838675936,30.963260151801947,1798.31447440182,1285.42,15.932768784518656,15.869583333333331,1.4808333333333332,1.0,1.0,1.0,1.0,1,1,Moderate,1.0,High,Some smoke impact is possible; monitor updated conditions and official information.,Research decision-support prototype only; not an official NT EPA warning or medical advice.
2024-06-29,2024-06-30,Palmerston,0.4808666482120528,0,16.04247796214294,2.603463186169818,10.815691634943269,934.2815289444316,823.5,18.44337248067003,19.106666666666666,1.6365217391304347,1.0,1.0,0.9583333333333334,0.9583333333333334,1,1,Low,0.9861111111111112,High,Some smoke impact is possible; monitor updated conditions and official information.,Research decision-support prototype only; not an official NT EPA warning or medical advice.
2024-06-30,2024-07-01,Palmerston,0.323642892658581,0,13.233461165697763,2.682600432865355,30.716273431234693,817.2379242457941,805.13,22.18208883506825,11.01,2.220869565217391,1.0,1.0,0.9583333333333334,0.9583333333333334,1,1,Moderate,0.9861111111111112,High,Some smoke impact is possible; monitor updated conditions and official information.,Research decision-support prototype only; not an official NT EPA warning or medical advice.
2024-07-01,2024-07-02,Palmerston,0.4867029297671372,0,12.90139557910857,3.0489609033074507,36.09370436635909,1570.0815722602576,1590.14,8.901667223089552,17.0,2.549166666666667,1.0,1.0,1.0,1.0,1,1,Moderate,1.0,High,Some smoke impact is possible; monitor updated conditions and official information.,Research decision-support prototype only; not an official NT EPA warning or medical advice.
2024-07-02,2024-07-03,Palmerston,0.5464897010798523,0,15.245369696517743,4.2941290408212325,94.67224159870057,5622.09317166909,5792.24,9.653917323439572,11.7875,2.2575,1.0,1.0,1.0,1.0,1,1,Moderate,1.0,High,Elevated smoke conditions are possible; review outdoor plans and official NT EPA information.,Research decision-support prototype only; not an official NT EPA warning or medical advice.
2024-07-03,2024-07-04,Palmerston,0.680436613647073,0,16.668497574017024,5.520783610216544,139.3937724173315,21609.002785666293,22156.65,9.653917323439572,9.69125,2.14875,1.0,1.0,1.0,1.0,1,1,Moderate,1.0,High,Elevated smoke conditions are possible; review outdoor plans and official NT EPA information.,Research decision-support prototype only; not an official NT EPA warning or medical advice.
2024-07-04,2024-07-05,Palmerston,0.92263366330888,1,21.28587895751368,8.11204771727339,202.12636995621895,26421.414454345468,24103.85,7.743560159625809,14.00875,2.79625,1.0,1.0,1.0,1.0,1,1,High,1.0,High,Elevated smoke conditions are possible; review outdoor plans and official NT EPA information.,Research decision-support prototype only; not an official NT EPA warning or medical advice.
2024-07-05,2024-07-06,Palmerston,0.6928100470818411,0,15.903108576122346,5.155551247899348,147.73612175194108,18634.192177726392,19407.75,7.743560159625809,12.384583333333332,1.9091304347826088,1.0,1.0,0.9583333333333334,0.9583333333333334,1,1,Moderate,0.9861111111111112,High,Elevated smoke conditions are possible; review outdoor plans and official NT EPA information.,Research decision-support prototype only; not an official NT EPA warning or medical advice.
2024-07-06,2024-07-07,Palmerston,0.7714933165950136,0,18.65055041342535,3.1789543661682567,66.75715286958865,7699.094265277212,8249.58,9.555004740030196,27.812083333333334,1.93375,1.0,1.0,1.0,1.0,1,1,Moderate,1.0,High,Elevated smoke conditions are possible; review outdoor plans and official NT EPA information.,Research decision-support prototype only; not an official NT EPA warning or medical advice.
2024-07-07,2024-07-08,Palmerston,0.4757256606934132,0,18.519753207708845,2.706660664708222,72.47980271674962,3491.537050901125,3214.63,37.166593253213726,16.322083333333335,1.72375,1.0,1.0,1.0,1.0,1,1,Moderate,1.0,High,Some smoke impact is possible; monitor updated conditions and official information.,Research decision-support prototype only; not an official NT EPA warning or medical advice.
2024-07-09,2024-07-10,Palmerston,0.3668174228835789,0,9.631813107090052,2.4102926117658825,92.66499957933198,8583.50795565915,8921.529999999999,39.59699697218847,5.681304347826088,2.0825,0.9583333333333334,1.0,1.0,1.0,1,1,Moderate,0.9930555555555557,High,Some smoke impact is possible; monitor updated conditions and official information.,Research decision-support prototype only; not an official NT EPA warning or medical advice.
2024-07-17,2024-07-18,Palmerston,0.9322967342026108,1,38.11702452102617,1.8025069233294972,,,,,10.04375,2.6595833333333334,1.0,1.0,1.0,1.0,1,0,Unknown,0.8333333333333334,Moderate,Elevated smoke conditions are possible; review outdoor plans and official NT EPA information.,Research decision-support prototype only; not an official NT EPA warning or medical advice.
2024-07-18,2024-07-19,Palmerston,0.9727402121596044,1,28.10950940242691,12.987034637719924,313.5040116128611,33812.097718206336,32696.050000000003,34.127674667462365,22.615416666666665,2.154347826086956,1.0,1.0,0.9583333333333334,0.9583333333333334,1,1,High,0.9861111111111112,High,Elevated smoke conditions are possible; review outdoor plans and official NT EPA information.,Research decision-support prototype only; not an official NT EPA warning or medical advice.
2024-07-19,2024-07-20,Palmerston,0.8813720922679367,1,19.986747739696057,6.256836561688622,208.0879476629527,26266.556878465726,25924.050000000003,34.1421254503669,19.46375,2.2491666666666665,1.0,1.0,1.0,1.0,1,1,High,1.0,High,Elevated smoke conditions are possible; review outdoor plans and official NT EPA information.,Research decision-support prototype only; not an official NT EPA warning or medical advice.
2024-07-20,2024-07-21,Palmerston,0.6436655133473435,0,15.862055087345894,3.2976875338466,107.77861623659696,11061.072513266898,11766.990000000002,23.654958528625865,16.812083333333334,1.9041666666666668,1.0,1.0,1.0,1.0,1,1,Moderate,1.0,High,Elevated smoke conditions are possible; review outdoor plans and official NT EPA information.,Research decision-support prototype only; not an official NT EPA warning or medical advice.
2024-07-21,2024-07-22,Palmerston,0.9752513279720976,1,23.54809688097427,7.397848879785834,117.09389223908536,7950.71311034391,7956.15,8.682110013429181,38.173750000000005,2.107083333333333,1.0,1.0,1.0,1.0,1,1,Moderate,1.0,High,Elevated smoke conditions are possible; review outdoor plans and official NT EPA information.,Research decision-support prototype only; not an official NT EPA warning or medical advice.
2024-07-30,2024-07-31,Palmerston,0.7597979160367871,0,19.09978040795108,1.0457883460838933,,,,,18.430833333333336,2.2466666666666666,1.0,1.0,1.0,1.0,1,0,Unknown,0.8333333333333334,Moderate,Elevated smoke conditions are possible; review outdoor plans and official NT EPA information.,Research decision-support prototype only; not an official NT EPA warning or medical advice.
2024-07-31,2024-08-01,Palmerston,0.4157902077109303,0,14.406688468731492,3.138488331554108,60.35848797818529,7709.121175572301,6926.05,21.59094313514628,8.23875,2.05625,1.0,1.0,1.0,1.0,1,1,Moderate,1.0,High,Some smoke impact is possible; monitor updated conditions and official information.,Research decision-support prototype only; not an official NT EPA warning or medical advice.
2024-08-01,2024-08-02,Palmerston,0.6388500016672921,0,13.729676037353157,3.1623258866319883,49.16208898796658,8012.084238310395,9281.02,21.59094313514628,14.874166666666667,2.115416666666667,1.0,1.0,1.0,1.0,1,1,Moderate,1.0,High,Elevated smoke conditions are possible; review outdoor plans and official NT EPA information.,Research decision-support prototype only; not an official NT EPA warning or medical advice.
2024-08-03,2024-08-04,Palmerston,0.4031500986627495,0,12.42636656586437,2.492667384920635,41.98377348871093,4352.826342358381,4625.16,18.34530999449049,9.998695652173913,2.34375,0.9583333333333334,1.0,1.0,1.0,1,1,Moderate,0.9930555555555557,High,Some smoke impact is possible; monitor updated conditions and official information.,Research decision-support prototype only; not an official NT EPA warning or medical advice.
2024-08-04,2024-08-05,Palmerston,0.3766234922007585,0,12.009692553194002,1.8900802121627704,52.56133775584412,4116.686861384099,3908.87,18.34530999449049,9.068333333333332,2.025,1.0,1.0,1.0,1.0,1,1,Moderate,1.0,High,Some smoke impact is possible; monitor updated conditions and official information.,Research decision-support prototype only; not an official NT EPA warning or medical advice.
2024-08-05,2024-08-06,Palmerston,0.3007715238268384,0,11.483249299730232,1.6690860927530589,48.83958387443529,2543.00398418523,2542.12,92.70550013750513,9.96,2.2245833333333334,1.0,1.0,1.0,1.0,1,1,Moderate,1.0,High,Some smoke impact is possible; monitor updated conditions and official information.,Research decision-support prototype only; not an official NT EPA warning or medical advice.
2024-08-06,2024-08-07,Palmerston,0.6861753090274659,0,15.361181047599812,3.135252870324526,125.31476160103044,5092.28914228225,4736.9400000000005,13.320492595802651,16.294583333333332,2.0900000000000003,1.0,1.0,1.0,1.0,1,1,Moderate,1.0,High,Elevated smoke conditions are possible; review outdoor plans and official NT EPA information.,Research decision-support prototype only; not an official NT EPA warning or medical advice.
2024-08-07,2024-08-08,Palmerston,0.8297312154170684,0,16.94884466074103,3.914244314963272,165.07386120915888,9943.895998143276,8209.76,6.516421595723648,24.354166666666668,2.199583333333333,1.0,1.0,1.0,1.0,1,1,High,1.0,High,Elevated smoke conditions are possible; review outdoor plans and official NT EPA information.,Research decision-support prototype only; not an official NT EPA warning or medical advice.
2024-08-13,2024-08-14,Palmerston,0.4062889520219802,0,11.702429625060484,3.000736077888422,70.31629991862617,11739.80524412674,12117.78,32.84794288075133,,1.9947826086956524,0.5,1.0,0.9583333333333334,0.9583333333333334,1,1,Moderate,0.9027777777777778,High,Some smoke impact is possible; monitor updated conditions and official information.,Research decision-support prototype only; not an official NT EPA warning or medical advice.
2024-08-14,2024-08-15,Palmerston,0.4236884093417663,0,16.514990934697654,1.88982523332081,44.102021951282254,2005.784214614562,1155.56,86.20472819160548,17.81625,2.2179166666666665,1.0,1.0,1.0,1.0,1,1,Moderate,1.0,High,Some smoke impact is possible; monitor updated conditions and official information.,Research decision-support prototype only; not an official NT EPA warning or medical advice.
2024-08-15,2024-08-16,Palmerston,0.2870932835286843,0,14.937280558396829,2.0990639842721026,53.424350911581705,14270.643996798111,3545.34,13.238302454961422,12.691250000000002,2.1675,1.0,1.0,1.0,0.9583333333333334,1,1,Moderate,0.9930555555555557,High,Some smoke impact is possible; monitor updated conditions and official information.,Research decision-support prototype only; not an official NT EPA warning or medical advice.
2024-08-16,2024-08-17,Palmerston,0.952995397441998,1,26.48479634789198,4.960756310667699,24.9656074995572,6478.806796446353,526.52,13.238302454961422,23.03,2.07375,1.0,1.0,1.0,1.0,1,1,Low,1.0,High,Elevated smoke conditions are possible; review outdoor plans and official NT EPA information.,Research decision-support prototype only; not an official NT EPA warning or medical advice.
2024-08-17,2024-08-18,Palmerston,0.707234823064993,0,19.994631548568044,3.607813238718314,46.88266224311881,10536.57214317554,10990.34,14.137239385745264,20.480833333333333,1.9756521739130437,1.0,1.0,0.9583333333333334,0.9583333333333334,1,1,Moderate,0.9861111111111112,High,Elevated smoke conditions are possible; review outdoor plans and official NT EPA information.,Research decision-support prototype only; not an official NT EPA warning or medical advice.
2024-08-18,2024-08-19,Palmerston,0.4641899738559276,0,16.457729438826863,2.147180710655783,34.88404599194651,6333.245334663154,1327.7900000000002,34.03074096561472,16.18625,2.1308333333333334,1.0,1.0,1.0,1.0,1,1,Moderate,1.0,High,Some smoke impact is possible; monitor updated conditions and official information.,Research decision-support prototype only; not an official NT EPA warning or medical advice.
2024-08-19,2024-08-20,Palmerston,0.3958094167732811,0,14.755215090304326,1.8906743046651924,34.85503526031013,4937.201029859632,1138.68,34.03074096561472,11.97375,2.3163636363636364,1.0,1.0,0.9166666666666666,0.9166666666666666,1,1,Moderate,0.9722222222222222,High,Some smoke impact is possible; monitor updated conditions and official information.,Research decision-support prototype only; not an official NT EPA warning or medical advice.
2024-08-20,2024-08-21,Palmerston,0.566276266683857,0,14.109292884221306,2.67496542939824,53.94739541750642,9646.589704208362,9373.83,72.08560865964172,11.669583333333334,2.157083333333333,1.0,1.0,1.0,1.0,1,1,Moderate,1.0,High,Elevated smoke conditions are possible; review outdoor plans and official NT EPA information.,Research decision-support prototype only; not an official NT EPA warning or medical advice.
2024-08-21,2024-08-22,Palmerston,0.7827977707914544,0,18.307890527447917,3.5298843187030347,57.57821141866164,5123.605344944062,4154.6900000000005,4.841729960868384,20.61,2.1104166666666666,1.0,1.0,1.0,1.0,1,1,Moderate,1.0,High,Elevated smoke conditions are possible; review outdoor plans and official NT EPA information.,Research decision-support prototype only; not an official NT EPA warning or medical advice.
2024-08-22,2024-08-23,Palmerston,0.1120097640573926,0,11.123133988247949,1.034871010825543,15.141276386593075,1018.3076451297964,612.41,10.42579513489796,8.442916666666667,2.0086363636363638,1.0,1.0,0.9166666666666666,0.9166666666666666,1,1,Low,0.9722222222222222,High,Some smoke impact is possible; monitor updated conditions and official information.,Research decision-support prototype only; not an official NT EPA warning or medical advice.
2024-08-23,2024-08-24,Palmerston,0.2861268127342816,0,11.22676169333765,1.4539031743979778,39.91205665878728,2130.0699202148885,1876.41,55.63694992743304,9.290833333333332,2.245416666666667,1.0,1.0,1.0,1.0,1,1,Moderate,1.0,High,Some smoke impact is possible; monitor updated conditions and official information.,Research decision-support prototype only; not an official NT EPA warning or medical advice.
2024-08-24,2024-08-25,Palmerston,0.1269601567559968,0,9.524745177526215,1.0874555524730742,100.70677192315964,3072.512176241703,2752.98,36.208169546861946,6.654583333333334,2.185416666666667,1.0,1.0,1.0,1.0,1,1,Moderate,1.0,High,Some smoke impact is possible; monitor updated conditions and official information.,Research decision-support prototype only; not an official NT EPA warning or medical advice.
2024-08-27,2024-08-28,Palmerston,0.3688491035259876,0,11.43717689611473,2.6275915575288744,85.32108817230056,4626.241709351665,3707.89,26.22724136546267,,2.15125,0.5833333333333334,1.0,1.0,1.0,1,1,Moderate,0.9305555555555557,High,Some smoke impact is possible; monitor updated conditions and official information.,Research decision-support prototype only; not an official NT EPA warning or medical advice.
2024-08-28,2024-08-29,Palmerston,0.3579540597239033,0,13.27455257898568,1.8501472975092443,31.05003300910205,3367.6389716072576,3089.67,26.22724136546267,13.660833333333334,1.8225,1.0,1.0,1.0,1.0,1,1,Moderate,1.0,High,Some smoke impact is possible; monitor updated conditions and official information.,Research decision-support prototype only; not an official NT EPA warning or medical advice.
2024-08-29,2024-08-30,Palmerston,0.1972466624642233,0,11.424006547373184,1.5040781966001209,25.337823462196937,1702.6098559122934,1327.96,26.628605957769796,7.135416666666667,2.072083333333333,1.0,1.0,1.0,0.9583333333333334,1,1,Low,0.9930555555555557,High,Some smoke impact is possible; monitor updated conditions and official information.,Research decision-support prototype only; not an official NT EPA warning or medical advice.
2024-08-30,2024-08-31,Palmerston,0.0972193707473041,0,7.783126275480506,0.712032369225873,11.03297357044873,265.1532057538401,254.23,34.864216402304656,6.072500000000001,2.48625,1.0,1.0,1.0,1.0,1,1,Low,1.0,High,Lower predicted next-day smoke concern; continue checking official air-quality information.,Research decision-support prototype only; not an official NT EPA warning or medical advice.
2024-08-31,2024-09-01,Palmerston,0.1118783396314506,0,8.963438957091562,0.7274219841664198,8.579504168523185,219.09998400200772,221.9,83.75668830211364,7.388333333333333,2.42375,1.0,1.0,1.0,1.0,1,1,Low,1.0,High,Lower predicted next-day smoke concern; continue checking official air-quality information.,Research decision-support prototype only; not an official NT EPA warning or medical advice.
2024-09-01,2024-09-02,Palmerston,0.123105803170868,0,9.440278391444242,0.8339212832984942,24.5347510446512,435.0778829836361,221.06,20.433117863435957,6.492916666666667,2.567916666666666,1.0,1.0,1.0,1.0,1,1,Low,1.0,High,Lower predicted next-day smoke concern; continue checking official air-quality information.,Research decision-support prototype only; not an official NT EPA warning or medical advice.
2024-09-02,2024-09-03,Palmerston,0.1118944701770142,0,9.913833364453646,0.8345195111173,25.43886748347562,890.9025569195869,351.47,20.433117863435957,7.39875,2.029130434782609,1.0,1.0,0.9583333333333334,0.9583333333333334,1,1,Low,0.9861111111111112,High,Lower predicted next-day smoke concern; continue checking official air-quality information.,Research decision-support prototype only; not an official NT EPA warning or medical advice.
2024-09-03,2024-09-04,Palmerston,0.980988802534272,1,20.13180243201248,3.460818576920484,89.04293763274121,4794.948879249956,2286.39,7.260884664519657,56.73125,2.4745833333333334,1.0,1.0,1.0,1.0,1,1,Moderate,1.0,High,Elevated smoke conditions are possible; review outdoor plans and official NT EPA information.,Research decision-support prototype only; not an official NT EPA warning or medical advice.
2024-09-04,2024-09-05,Palmerston,0.0473112617628213,0,17.820735613965986,0.922826938430127,28.625486778367964,1321.8732943003356,752.52,34.46758543138902,7.811666666666666,2.6758333333333333,1.0,1.0,1.0,1.0,1,1,Moderate,1.0,High,Lower predicted next-day smoke concern; continue checking official air-quality information.,Research decision-support prototype only; not an official NT EPA warning or medical advice.
2024-09-05,2024-09-06,Palmerston,0.3915421510695294,0,13.473440458837104,1.0023866271434374,51.06721307482586,2363.2180669428885,1064.46,15.904084712888748,14.679166666666667,2.575416666666667,1.0,1.0,1.0,1.0,1,1,Moderate,1.0,High,Some smoke impact is possible; monitor updated conditions and official information.,Research decision-support prototype only; not an official NT EPA warning or medical advice.
2024-09-06,2024-09-07,Palmerston,0.2511390866566357,0,13.016581104296463,0.9845763128164756,29.152848923355656,1399.400593172329,699.42,15.904084712888748,8.554583333333333,2.658333333333333,1.0,1.0,1.0,1.0,1,1,Moderate,1.0,High,Lower predicted next-day smoke concern; continue checking official air-quality information.,Research decision-support prototype only; not an official NT EPA warning or medical advice.
2024-09-07,2024-09-08,Palmerston,0.1561631020324338,0,11.366768492510344,0.875968673266356,26.28391102604872,1482.0220011951842,413.89,35.86781518263663,9.0225,2.34125,1.0,1.0,1.0,1.0,1,1,Low,1.0,High,Lower predicted next-day smoke concern; continue checking official air-quality information.,Research decision-support prototype only; not an official NT EPA warning or medical advice.
2024-09-08,2024-09-09,Palmerston,0.7353467655483328,0,19.29011934438456,2.4509717835552345,72.76550967908105,2633.6697509876726,1557.8000000000002,20.89528528119357,13.276666666666666,2.3429166666666665,1.0,1.0,1.0,1.0,1,1,Moderate,1.0,High,Elevated smoke conditions are possible; review outdoor plans and official NT EPA information.,Research decision-support prototype only; not an official NT EPA warning or medical advice.
2024-09-09,2024-09-10,Palmerston,0.5883498540942682,0,17.07402134059468,2.0075194614707983,99.33702113349622,4528.2188936163175,2829.53,18.795747765243423,16.330000000000002,2.36875,1.0,1.0,1.0,1.0,1,1,Moderate,1.0,High,Elevated smoke conditions are possible; review outdoor plans and official NT EPA information.,Research decision-support prototype only; not an official NT EPA warning or medical advice.
2024-09-10,2024-09-11,Palmerston,0.3234248658939646,0,14.686330294403694,1.8800056459882968,161.4656993140598,10496.75228733654,8050.06,18.795747765243423,7.96375,2.480833333333333,1.0,1.0,1.0,1.0,1,1,High,1.0,High,Some smoke impact is possible; monitor updated conditions and official information.,Research decision-support prototype only; not an official NT EPA warning or medical advice.
2024-09-11,2024-09-12,Palmerston,0.4287211278329666,0,13.603491185238765,2.2922585646826903,168.30869252282963,21667.788557006937,19019.25,21.003012735347145,9.589166666666666,2.208333333333333,1.0,1.0,1.0,1.0,1,1,High,1.0,High,Some smoke impact is possible; monitor updated conditions and official information.,Research decision-support prototype only; not an official NT EPA warning or medical advice.
2024-09-12,2024-09-13,Palmerston,0.5394237855437721,0,16.633127221549206,2.545687079911449,276.63398400780363,29087.528081521494,32851.130000000005,21.66204128971505,15.484583333333331,2.513333333333333,1.0,1.0,1.0,1.0,1,1,High,1.0,High,Elevated smoke conditions are possible; review outdoor plans and official NT EPA information.,Research decision-support prototype only; not an official NT EPA warning or medical advice.
2024-09-13,2024-09-14,Palmerston,0.9083519013499056,1,22.4165309853028,4.971789597462883,216.20737979234264,24592.08218871392,26843.0,21.943590004761017,34.55166666666667,2.5070833333333336,1.0,1.0,1.0,1.0,1,1,High,1.0,High,Elevated smoke conditions are possible; review outdoor plans and official NT EPA information.,Research decision-support prototype only; not an official NT EPA warning or medical advice.
2024-09-14,2024-09-15,Palmerston,0.6868959576603607,0,21.38744279397816,3.920472696602771,166.3726312755646,9307.690952876366,3526.64,25.08747079793257,28.355833333333333,2.4345833333333333,1.0,1.0,1.0,1.0,1,1,High,1.0,High,Elevated smoke conditions are possible; review outdoor plans and official NT EPA information.,Research decision-support prototype only; not an official NT EPA warning or medical advice.
2024-09-17,2024-09-18,Palmerston,0.2064870154380968,0,10.25940071661526,0.701124356045006,20.41051270068087,1488.3669364351613,1610.97,101.95695499966746,7.269130434782609,3.0854166666666667,0.9583333333333334,1.0,1.0,1.0,1,1,Low,0.9930555555555557,High,Lower predicted next-day smoke concern; continue checking official air-quality information.,Research decision-support prototype only; not an official NT EPA warning or medical advice.
2024-09-19,2024-09-20,Palmerston,0.0536671445957977,0,5.428676614865352,0.4503985055088811,5.0248796531848745,125.68988814364808,46.86,137.72793321326282,3.1295454545454544,2.629583333333333,0.9166666666666666,1.0,1.0,1.0,1,1,Low,0.986111111111111,High,Lower predicted next-day smoke concern; continue checking official air-quality information.,Research decision-support prototype only; not an official NT EPA warning or medical advice.
2024-09-21,2024-09-22,Palmerston,0.0434204640949025,0,5.398859940922783,0.2677852644130408,7.322391959246769,625.4766019038915,443.9500000000001,188.41452202328347,3.960952380952381,2.543333333333333,0.875,1.0,1.0,1.0,1,1,Low,0.9791666666666666,High,Lower predicted next-day smoke concern; continue checking official air-quality information.,Research decision-support prototype only; not an official NT EPA warning or medical advice.
2024-09-22,2024-09-23,Palmerston,0.1492364379836325,0,8.42353700438368,0.8171774149678814,31.955793831059307,3843.631047695374,3869.69,113.53589714507406,5.22375,2.0058333333333334,1.0,1.0,1.0,1.0,1,1,Moderate,1.0,High,Lower predicted next-day smoke concern; continue checking official air-quality information.,Research decision-support prototype only; not an official NT EPA warning or medical advice.
2024-09-23,2024-09-24,Palmerston,0.1003547266219932,0,8.464927437917561,0.5763280889217179,18.326765040741805,1858.8760562890973,1000.51,83.28151748401187,7.296250000000001,2.3945833333333333,1.0,1.0,1.0,1.0,1,1,Low,1.0,High,Lower predicted next-day smoke concern; continue checking official air-quality information.,Research decision-support prototype only; not an official NT EPA warning or medical advice.
2024-09-24,2024-09-25,Palmerston,0.0658952568591642,0,7.379455328715329,0.5848066973239261,33.43333306715421,1548.0178610935682,356.93,83.28151748401187,4.79625,2.365652173913044,1.0,1.0,0.9583333333333334,0.9583333333333334,1,1,Moderate,0.9861111111111112,High,Lower predicted next-day smoke concern; continue checking official air-quality information.,Research decision-support prototype only; not an official NT EPA warning or medical advice.
2024-09-25,2024-09-26,Palmerston,0.0874614312111452,0,7.619058182469887,0.6580616936140035,27.124857157910306,1355.2474881538228,453.74,28.339269983506863,6.291250000000001,2.067083333333333,1.0,1.0,1.0,1.0,1,1,Moderate,1.0,High,Lower predicted next-day smoke concern; continue checking official air-quality information.,Research decision-support prototype only; not an official NT EPA warning or medical advice.
2024-09-29,2024-09-30,Palmerston,0.16916926979383,0,18.042656127077898,0.1903452982952786,,,,,10.167916666666668,2.2691666666666666,1.0,1.0,1.0,1.0,1,0,Unknown,0.8333333333333334,Moderate,Lower predicted next-day smoke concern; continue checking official air-quality information.,Research decision-support prototype only; not an official NT EPA warning or medical advice.
2024-09-30,2024-10-01,Palmerston,0.3057258367399134,0,13.162449316168557,1.3380571954508298,38.84684547657435,3136.770097460067,939.59,95.44451392681572,11.280416666666667,2.305,1.0,1.0,1.0,1.0,1,1,Moderate,1.0,High,Some smoke impact is possible; monitor updated conditions and official information.,Research decision-support prototype only; not an official NT EPA warning or medical advice.
2024-10-01,2024-10-02,Palmerston,0.3218044288917526,0,14.727264176011955,1.3462528905705022,146.61599262125443,21973.00213069529,18803.84,59.33046037253619,14.57625,2.5166666666666666,1.0,1.0,1.0,1.0,1,1,Moderate,1.0,High,Some smoke impact is possible; monitor updated conditions and official information.,Research decision-support prototype only; not an official NT EPA warning or medical advice.
2024-10-02,2024-10-03,Palmerston,0.2575999387779968,0,14.5168754320983,0.8878037349014639,21.18605433139729,2397.7257750260933,843.8,169.63911592968702,12.914166666666668,2.5829166666666667,1.0,1.0,1.0,1.0,1,1,Low,1.0,High,Lower predicted next-day smoke concern; continue checking official air-quality information.,Research decision-support prototype only; not an official NT EPA warning or medical advice.
2024-10-03,2024-10-04,Palmerston,0.283330934809543,0,13.910938487920609,0.8921289423068453,2.152721674318586,192.3578301198615,0.0,,10.875416666666666,2.08,1.0,1.0,1.0,1.0,1,1,Low,1.0,High,Lower predicted next-day smoke concern; continue checking official air-quality information.,Research decision-support prototype only; not an official NT EPA warning or medical advice.
2024-10-04,2024-10-05,Palmerston,0.1893494417570906,0,11.232742583088568,0.7777869969397005,82.11678341991538,3867.4958526267865,398.56,97.62068963463882,9.655416666666666,2.7237500000000003,1.0,1.0,1.0,1.0,1,1,Moderate,1.0,High,Lower predicted next-day smoke concern; continue checking official air-quality information.,Research decision-support prototype only; not an official NT EPA warning or medical advice.
2024-10-05,2024-10-06,Palmerston,0.1405330648021735,0,10.693060997594236,0.5108419357237745,7.599283624636463,619.3431941327157,45.83,121.94740760325152,9.750833333333334,2.6354166666666665,1.0,1.0,1.0,1.0,1,1,Low,1.0,High,Lower predicted next-day smoke concern; continue checking official air-quality information.,Research decision-support prototype only; not an official NT EPA warning or medical advice.
2024-10-06,2024-10-07,Palmerston,0.1571619429803013,0,12.485109113323665,0.6010611347540005,1.0876084211261188,31.91838487399633,19.83,99.50465802882324,10.955833333333333,2.3979166666666667,1.0,1.0,1.0,1.0,1,1,Low,1.0,High,Lower predicted next-day smoke concern; continue checking official air-quality information.,Research decision-support prototype only; not an official NT EPA warning or medical advice.
2024-10-07,2024-10-08,Palmerston,0.3787302465319083,0,16.436143206995062,1.1148046051265117,44.62230354336021,3913.609011933688,69.66,74.34353145089831,12.050416666666663,2.388333333333333,1.0,1.0,1.0,1.0,1,1,Moderate,1.0,High,Some smoke impact is possible; monitor updated conditions and official information.,Research decision-support prototype only; not an official NT EPA warning or medical advice.
2024-10-08,2024-10-09,Palmerston,0.1127881535477702,0,11.65025132088133,0.5919520953984267,75.96175109251217,1226.5103942959304,1389.32,70.9287468357753,10.709583333333333,2.4337500000000003,1.0,1.0,1.0,1.0,1,1,Moderate,1.0,High,Lower predicted next-day smoke concern; continue checking official air-quality information.,Research decision-support prototype only; not an official NT EPA warning or medical advice.
2024-10-09,2024-10-10,Palmerston,0.1186988520565788,0,10.972647191155067,0.6397956551300795,93.26708863356691,3702.636688252548,3280.7300000000005,70.9287468357753,9.612916666666669,2.2433333333333336,1.0,1.0,1.0,1.0,1,1,Moderate,1.0,High,Lower predicted next-day smoke concern; continue checking official air-quality information.,Research decision-support prototype only; not an official NT EPA warning or medical advice.
2024-10-11,2024-10-12,Palmerston,0.2014656297261935,0,13.971127449288735,0.6427612617333374,45.97325410378493,1848.6610960705943,1555.84,83.05051136033352,13.283181818181818,2.6579166666666665,0.9166666666666666,1.0,1.0,1.0,1,1,Moderate,0.986111111111111,High,Lower predicted next-day smoke concern; continue checking official air-quality information.,Research decision-support prototype only; not an official NT EPA warning or medical advice.
2024-10-12,2024-10-13,Palmerston,0.1437975532425427,0,12.684711760293306,0.6396282995929843,42.13521625417492,2357.2690740331964,1201.66,82.80809988257077,12.045,2.752916666666667,1.0,1.0,1.0,1.0,1,1,Moderate,1.0,High,Lower predicted next-day smoke concern; continue checking official air-quality information.,Research decision-support prototype only; not an official NT EPA warning or medical advice.
2024-10-13,2024-10-14,Palmerston,0.1259073269745632,0,11.342832432800527,0.5827208536112654,23.46041354794459,1342.4068243606482,777.31,82.80809988257077,9.1375,2.5641666666666665,1.0,1.0,1.0,1.0,1,1,Low,1.0,High,Lower predicted next-day smoke concern; continue checking official air-quality information.,Research decision-support prototype only; not an official NT EPA warning or medical advice.
2024-10-14,2024-10-15,Palmerston,0.1568867070750405,0,11.601189644160533,0.5931579513949108,16.10894522632829,649.7766515115406,368.61,83.67834707440285,10.588333333333331,2.49875,1.0,1.0,1.0,1.0,1,1,Low,1.0,High,Lower predicted next-day smoke concern; continue checking official air-quality information.,Research decision-support prototype only; not an official NT EPA warning or medical advice.
2024-10-15,2024-10-16,Palmerston,0.0730896146702028,0,10.078108968287644,0.4036025817627759,12.766774339570867,641.6316599797162,82.82,123.57568268582004,9.38625,2.650416666666666,1.0,1.0,1.0,1.0,1,1,Low,1.0,High,Lower predicted next-day smoke concern; continue checking official air-quality information.,Research decision-support prototype only; not an official NT EPA warning or medical advice.
2024-10-16,2024-10-17,Palmerston,0.1170650250276625,0,11.58564503907916,0.3732997958426602,12.870878202753095,400.9542452390809,252.77000000000004,123.11258529539067,11.32875,2.4679166666666665,1.0,1.0,1.0,1.0,1,1,Low,1.0,High,Lower predicted next-day smoke concern; continue checking official air-quality information.,Research decision-support prototype only; not an official NT EPA warning or medical advice.
2024-10-17,2024-10-18,Palmerston,0.07340893294916,0,10.307531132519069,0.3285055732353494,11.943340859214125,462.3043221536002,129.09,123.11258529539067,7.779166666666666,2.921666666666667,1.0,1.0,1.0,1.0,1,1,Low,1.0,High,Lower predicted next-day smoke concern; continue checking official air-quality information.,Research decision-support prototype only; not an official NT EPA warning or medical advice.
2024-10-18,2024-10-19,Palmerston,0.0798027367854707,0,8.950694533901318,0.3988032622602149,21.16488731626284,473.1286316372791,74.4,122.59431844167764,7.664583333333333,2.563333333333333,1.0,1.0,1.0,1.0,1,1,Low,1.0,High,Lower predicted next-day smoke concern; continue checking official air-quality information.,Research decision-support prototype only; not an official NT EPA warning or medical advice.
2024-10-19,2024-10-20,Palmerston,0.0980976554771738,0,10.452230233347716,0.3746827611325224,11.04379960331035,255.66467560805475,260.5,13.375731824887533,9.210833333333332,2.965,1.0,1.0,1.0,1.0,1,1,Low,1.0,High,Lower predicted next-day smoke concern; continue checking official air-quality information.,Research decision-support prototype only; not an official NT EPA warning or medical advice.
2024-10-20,2024-10-21,Palmerston,0.0470508952434086,0,8.216793037639107,0.3186673772629345,1.3346060192346556,25.01904314651224,1.79,82.09426646435864,6.505416666666666,2.6358333333333333,1.0,1.0,1.0,1.0,1,1,Low,1.0,High,Lower predicted next-day smoke concern; continue checking official air-quality information.,Research decision-support prototype only; not an official NT EPA warning or medical advice.
2024-10-21,2024-10-22,Palmerston,0.0871500794017929,0,8.85319037005885,0.36320192247828,6.724712205605536,4722.540094055144,3552.1500000000005,371.1564155002413,5.397916666666667,2.6,1.0,1.0,1.0,1.0,1,1,Low,1.0,High,Lower predicted next-day smoke concern; continue checking official air-quality information.,Research decision-support prototype only; not an official NT EPA warning or medical advice.
2024-10-22,2024-10-23,Palmerston,0.0494045580552586,0,7.573895341278381,0.2867375377669773,4.673898752936155,3646.211583424369,707.15,214.7141111493303,6.1375,2.6395833333333334,1.0,1.0,1.0,1.0,1,1,Low,1.0,High,Lower predicted next-day smoke concern; continue checking official air-quality information.,Research decision-support prototype only; not an official NT EPA warning or medical advice.
2024-10-23,2024-10-24,Palmerston,0.05087403238238,0,7.890801047552191,0.2583568158984763,3.491737040408678,90.73243074742322,12.170000000000002,129.9968190234409,7.051666666666667,2.5004166666666667,1.0,1.0,1.0,1.0,1,1,Low,1.0,High,Lower predicted next-day smoke concern; continue checking official air-quality information.,Research decision-support prototype only; not an official NT EPA warning or medical advice.
2024-10-25,2024-10-26,Palmerston,0.0636858947021536,0,7.793825156351513,0.4501154958671949,16.136961078002333,3629.4503986538666,1581.27,96.24131415637568,6.636521739130435,2.4370833333333333,0.9583333333333334,1.0,1.0,1.0,1,1,Low,0.9930555555555557,High,Lower predicted next-day smoke concern; continue checking official air-quality information.,Research decision-support prototype only; not an official NT EPA warning or medical advice.
2024-10-26,2024-10-27,Palmerston,0.0625291783609166,0,9.730808592543156,0.3216339191970289,0.930527803320092,289.3905365185328,9.7,129.88388530958645,9.684166666666666,2.374166666666667,1.0,1.0,1.0,1.0,1,1,Low,1.0,High,Lower predicted next-day smoke concern; continue checking official air-quality information.,Research decision-support prototype only; not an official NT EPA warning or medical advice.
2024-10-27,2024-10-28,Palmerston,0.0766568018530854,0,10.118932237279036,0.3083128858808873,0.1875215198977761,54.875096528827775,3.13,129.88388530958645,9.26375,2.6108333333333333,1.0,1.0,1.0,1.0,1,1,Low,1.0,High,Lower predicted next-day smoke concern; continue checking official air-quality information.,Research decision-support prototype only; not an official NT EPA warning or medical advice.
2024-10-28,2024-10-29,Palmerston,0.0957317016828249,0,10.489730262105356,0.4509861927666053,1.907001524798818,577.5187879225365,7.87,132.28174216446698,8.687083333333334,2.07,1.0,1.0,1.0,1.0,1,1,Low,1.0,High,Lower predicted next-day smoke concern; continue checking official air-quality information.,Research decision-support prototype only; not an official NT EPA warning or medical advice.
2024-10-29,2024-10-30,Palmerston,0.0966300389553217,0,9.05756634911115,0.5259072304649353,18.371951080985312,12624.0061734,14612.830000000002,94.66679066051414,5.4504166666666665,2.195,1.0,1.0,1.0,1.0,1,1,Low,1.0,High,Lower predicted next-day smoke concern; continue checking official air-quality information.,Research decision-support prototype only; not an official NT EPA warning or medical advice.
2024-11-01,2024-11-02,Palmerston,0.0094507579097524,0,5.271949999277666,0.1033669495625788,0.0020290241777714,0.9838552325561356,0.0,,4.038695652173913,1.5230434782608695,0.9583333333333334,1.0,0.9583333333333334,0.9583333333333334,1,1,Low,0.9791666666666666,High,Lower predicted next-day smoke concern; continue checking official air-quality information.,Research decision-support prototype only; not an official NT EPA warning or medical advice.
2024-11-02,2024-11-03,Palmerston,0.0238718834280259,0,7.314050273234655,0.2291278231179976,7.1943412978329295,5260.88334649983,3078.24,105.15098744831572,5.915,2.3717391304347823,1.0,1.0,0.9583333333333334,0.9583333333333334,1,1,Low,0.9861111111111112,High,Lower predicted next-day smoke concern; continue checking official air-quality information.,Research decision-support prototype only; not an official NT EPA warning or medical advice.
2024-11-08,2024-11-09,Palmerston,0.0188552920685259,0,5.621988790172998,0.1970615768261782,0.2391162130406496,249.3955460016593,0.0,,6.122222222222223,2.622916666666667,0.75,1.0,1.0,1.0,1,1,Low,0.9583333333333334,High,Lower predicted next-day smoke concern; continue checking official air-quality information.,Research decision-support prototype only; not an official NT EPA warning or medical advice.
2024-11-09,2024-11-10,Palmerston,0.0295767748379364,0,9.612657526576402,0.2412561218678277,0.1473968825697016,14.629177091886046,0.0,,5.654583333333334,2.6787500000000004,1.0,1.0,1.0,1.0,1,1,Low,1.0,High,Lower predicted next-day smoke concern; continue checking official air-quality information.,Research decision-support prototype only; not an official NT EPA warning or medical advice.
2024-11-11,2024-11-12,Palmerston,0.0447024425299331,0,9.308802823795627,0.3833291474601908,19.147264012863644,573.6928064574449,120.87,35.42660633962208,,2.3466666666666667,0.5416666666666666,1.0,1.0,1.0,1,1,Low,0.923611111111111,High,Lower predicted next-day smoke concern; continue checking official air-quality information.,Research decision-support prototype only; not an official NT EPA warning or medical advice.
2024-11-12,2024-11-13,Palmerston,0.0506852416861278,0,11.58945588519592,0.3249881316036918,19.558000280356875,409.2814754688749,197.45,35.42660633962208,12.417083333333332,2.79,1.0,1.0,1.0,1.0,1,1,Low,1.0,High,Lower predicted next-day smoke concern; continue checking official air-quality information.,Research decision-support prototype only; not an official NT EPA warning or medical advice.
2024-11-13,2024-11-14,Palmerston,0.0403270740577733,0,10.016585549292436,0.2665991566798822,2.938849222937591,92.95391133415164,0.0,,10.009166666666667,2.4145833333333333,1.0,1.0,1.0,1.0,1,1,Low,1.0,High,Lower predicted next-day smoke concern; continue checking official air-quality information.,Research decision-support prototype only; not an official NT EPA warning or medical advice.
2024-11-14,2024-11-15,Palmerston,0.037195568424992,0,9.356083830048766,0.2368936845108194,9.210380372727805,5622.799780839786,2587.82,173.4119607186123,10.91625,2.16625,1.0,1.0,1.0,1.0,1,1,Low,1.0,High,Lower predicted next-day smoke concern; continue checking official air-quality information.,Research decision-support prototype only; not an official NT EPA warning or medical advice.
2024-11-15,2024-11-16,Palmerston,0.0308931518453788,0,10.651409156541728,0.1332348543821337,1.291765683802683,347.5928195423512,21.98,235.54540237311696,9.2225,2.736666666666667,1.0,1.0,1.0,1.0,1,1,Low,1.0,High,Lower predicted next-day smoke concern; continue checking official air-quality information.,Research decision-support prototype only; not an official NT EPA warning or medical advice.
2024-11-16,2024-11-17,Palmerston,0.0236855758923217,0,8.635444723511064,0.2250872881342909,0.3586127180616255,86.54136748853219,0.0,,9.745416666666667,2.4995833333333333,1.0,1.0,1.0,1.0,1,1,Low,1.0,High,Lower predicted next-day smoke concern; continue checking official air-quality information.,Research decision-support prototype only; not an official NT EPA warning or medical advice.
2024-11-20,2024-11-21,Palmerston,0.0334022155789111,0,6.991725512291415,0.1133699660079282,1.4937789307286915,1326.776918207828,494.05,401.65443496139926,,1.8754166666666665,0.2916666666666667,1.0,1.0,1.0,1,1,Low,0.8819444444444445,Moderate,Lower predicted next-day smoke concern; continue checking official air-quality information.,Research decision-support prototype only; not an official NT EPA warning or medical advice.
2024-11-21,2024-11-22,Palmerston,0.0164892679500768,0,7.257585315657593,0.0987197179419636,1.8126238605267897,880.6085198158654,540.8,404.90100606239776,7.6575,2.21375,1.0,1.0,1.0,1.0,1,1,Low,1.0,High,Lower predicted next-day smoke concern; continue checking official air-quality information.,Research decision-support prototype only; not an official NT EPA warning or medical advice.
2024-11-22,2024-11-23,Palmerston,0.0246830208518261,0,6.255573002058898,0.1848258560250674,8.074785539066696,3562.108651818846,4160.419999999999,167.75939758954385,6.204166666666667,1.9725,1.0,1.0,1.0,1.0,1,1,Low,1.0,High,Lower predicted next-day smoke concern; continue checking official air-quality information.,Research decision-support prototype only; not an official NT EPA warning or medical advice.
2024-11-23,2024-11-24,Palmerston,0.008021873841403,0,6.418447571486363,0.0938973529034702,0.846794432383402,233.06071680180727,7.35,221.04940748303045,6.261666666666667,1.5743478260869566,1.0,1.0,0.9583333333333334,0.9583333333333334,1,1,Low,0.9861111111111112,High,Lower predicted next-day smoke concern; continue checking official air-quality information.,Research decision-support prototype only; not an official NT EPA warning or medical advice.
2024-12-14,2024-12-15,Palmerston,0.0040382084970009,0,2.3954872413750445,0.0525730410078219,0.0,0.0,0.0,,3.1018181818181816,2.9645833333333336,0.9166666666666666,1.0,1.0,1.0,1,1,Minimal,0.986111111111111,High,Lower predicted next-day smoke concern; continue checking official air-quality information.,Research decision-support prototype only; not an official NT EPA warning or medical advice.
2024-12-26,2024-12-27,Palmerston,0.0042375206955397,0,3.3017690263574533,0.0446923433801498,0.1325293245771889,87.41460789371008,0.0,,3.2482608695652173,2.2654166666666664,0.9583333333333334,1.0,1.0,1.0,1,1,Low,0.9930555555555557,High,Lower predicted next-day smoke concern; continue checking official air-quality information.,Research decision-support prototype only; not an official NT EPA warning or medical advice.
2024-12-27,2024-12-28,Palmerston,0.0045144334423653,0,4.580351238293172,0.0416138233196769,0.0,0.0,0.0,,4.60375,1.6104166666666666,1.0,1.0,1.0,1.0,1,1,Minimal,1.0,High,Lower predicted next-day smoke concern; continue checking official air-quality information.,Research decision-support prototype only; not an official NT EPA warning or medical advice.
2023-12-31,2024-01-01,Stokes Hill,0.0070807209875568,0,6.147001734481725,0.0772163449965896,0.0,0.0,0.0,,6.4775,2.69125,1.0,1.0,1.0,1.0,1,1,Minimal,1.0,High,Lower predicted next-day smoke concern; continue checking official air-quality information.,Research decision-support prototype only; not an official NT EPA warning or medical advice.
2024-01-01,2024-01-02,Stokes Hill,0.0094153697168301,0,6.114855435555679,0.1614550802465052,0.0,0.0,0.0,,7.864583333333333,2.22125,1.0,1.0,1.0,1.0,1,1,Minimal,1.0,High,Lower predicted next-day smoke concern; continue checking official air-quality information.,Research decision-support prototype only; not an official NT EPA warning or medical advice.
2024-01-02,2024-01-03,Stokes Hill,0.0264043448494651,0,7.456737360662247,0.3287309622715447,20.04243555764647,4675.8183800116,4522.74,81.48546358744345,5.582916666666667,2.179583333333333,1.0,1.0,1.0,1.0,1,1,Low,1.0,High,Lower predicted next-day smoke concern; continue checking official air-quality information.,Research decision-support prototype only; not an official NT EPA warning or medical advice.
2024-01-03,2024-01-04,Stokes Hill,0.010377392961538,0,4.847527996114303,0.089953060855424,6.120497867867156,2882.3088797420987,2784.54,81.48546358744345,5.912916666666667,1.97875,1.0,1.0,1.0,1.0,1,1,Low,1.0,High,Lower predicted next-day smoke concern; continue checking official air-quality information.,Research decision-support prototype only; not an official NT EPA warning or medical advice.
2024-01-04,2024-01-05,Stokes Hill,0.0178168832545703,0,5.951538307318489,0.1741162407600556,6.113576581398207,1861.908295297779,1570.8,138.9545725425357,5.9725,3.1991666666666667,1.0,1.0,1.0,1.0,1,1,Low,1.0,High,Lower predicted next-day smoke concern; continue checking official air-quality information.,Research decision-support prototype only; not an official NT EPA warning or medical advice.
2024-01-05,2024-01-06,Stokes Hill,0.006215194403277,0,4.963562545742942,0.1375224089309437,0.0838635978294405,85.07646002902055,0.0,,6.597916666666666,2.335833333333333,1.0,1.0,1.0,1.0,1,1,Low,1.0,High,Lower predicted next-day smoke concern; continue checking official air-quality information.,Research decision-support prototype only; not an official NT EPA warning or medical advice.
2024-01-06,2024-01-07,Stokes Hill,0.0048922185239972,0,4.849418557951985,0.0907589799568251,0.0,0.0,0.0,,5.820833333333333,2.1979166666666665,1.0,1.0,1.0,1.0,1,1,Minimal,1.0,High,Lower predicted next-day smoke concern; continue checking official air-quality information.,Research decision-support prototype only; not an official NT EPA warning or medical advice.
2024-01-07,2024-01-08,Stokes Hill,0.0047057696360907,0,4.362363305520523,0.0428422678341493,0.0760766462770369,34.97910290290838,24.8,347.47189447139743,5.403333333333333,1.8483333333333332,1.0,1.0,1.0,1.0,1,1,Low,1.0,High,Lower predicted next-day smoke concern; continue checking official air-quality information.,Research decision-support prototype only; not an official NT EPA warning or medical advice.
2024-01-09,2024-01-10,Stokes Hill,0.0033909577907424,0,2.5192920667108023,0.0580298594464188,0.0,0.0,0.0,,3.956190476190476,2.18125,0.875,1.0,1.0,1.0,1,1,Minimal,0.9791666666666666,High,Lower predicted next-day smoke concern; continue checking official air-quality information.,Research decision-support prototype only; not an official NT EPA warning or medical advice.
2024-01-11,2024-01-12,Stokes Hill,0.0033265910050777,0,2.1619065910690907,0.0867411156093774,0.0,0.0,0.0,,3.956,1.6137499999999998,0.8333333333333334,1.0,1.0,1.0,1,1,Minimal,0.9722222222222223,High,Lower predicted next-day smoke concern; continue checking official air-quality information.,Research decision-support prototype only; not an official NT EPA warning or medical advice.
2024-01-13,2024-01-14,Stokes Hill,0.0030572608273405,0,2.948491549416412,0.078851513443472,0.0,0.0,0.0,,5.21695652173913,2.1016666666666666,0.9583333333333334,1.0,1.0,1.0,1,1,Minimal,0.9930555555555557,High,Lower predicted next-day smoke concern; continue checking official air-quality information.,Research decision-support prototype only; not an official NT EPA warning or medical advice.
2024-01-15,2024-01-16,Stokes Hill,0.0072372691200443,0,6.261598232071309,0.106872855430586,0.0,0.0,0.0,,10.039130434782608,2.325,0.9583333333333334,1.0,1.0,1.0,1,1,Minimal,0.9930555555555557,High,Lower predicted next-day smoke concern; continue checking official air-quality information.,Research decision-support prototype only; not an official NT EPA warning or medical advice.
2024-01-16,2024-01-17,Stokes Hill,0.0109988526412175,0,8.385883546229953,0.1349232738650554,0.0,0.0,0.0,,13.14125,1.1070833333333334,1.0,1.0,1.0,1.0,1,1,Minimal,1.0,High,Lower predicted next-day smoke concern; continue checking official air-quality information.,Research decision-support prototype only; not an official NT EPA warning or medical advice.
2024-01-17,2024-01-18,Stokes Hill,0.0098270076157601,0,8.527197576567374,0.1318585072130995,0.0,0.0,0.0,,11.35875,0.7816666666666667,1.0,1.0,1.0,1.0,1,1,Minimal,1.0,High,Lower predicted next-day smoke concern; continue checking official air-quality information.,Research decision-support prototype only; not an official NT EPA warning or medical advice.
2024-01-18,2024-01-19,Stokes Hill,0.0092806170541653,0,7.175156383628899,0.1379793525063541,0.0,0.0,0.0,,8.745833333333334,0.8033333333333333,1.0,1.0,1.0,1.0,1,1,Minimal,1.0,High,Lower predicted next-day smoke concern; continue checking official air-quality information.,Research decision-support prototype only; not an official NT EPA warning or medical advice.
2024-01-19,2024-01-20,Stokes Hill,0.0078287526338617,0,6.170197305936773,0.1209593576386751,0.0,0.0,0.0,,7.198333333333333,0.5895833333333333,1.0,1.0,1.0,1.0,1,1,Minimal,1.0,High,Lower predicted next-day smoke concern; continue checking official air-quality information.,Research decision-support prototype only; not an official NT EPA warning or medical advice.
2024-01-20,2024-01-21,Stokes Hill,0.0066427519696719,0,5.309424595421992,0.1148338329862727,0.0,0.0,0.0,,6.925833333333333,0.7200000000000001,1.0,1.0,1.0,1.0,1,1,Minimal,1.0,High,Lower predicted next-day smoke concern; continue checking official air-quality information.,Research decision-support prototype only; not an official NT EPA warning or medical advice.
2024-01-21,2024-01-22,Stokes Hill,0.0073054591269067,0,5.699294451127559,0.1294128928792695,0.0,0.0,0.0,,6.12,1.18,1.0,1.0,1.0,1.0,1,1,Minimal,1.0,High,Lower predicted next-day smoke concern; continue checking official air-quality information.,Research decision-support prototype only; not an official NT EPA warning or medical advice.
2024-01-22,2024-01-23,Stokes Hill,0.0068561599077321,0,5.019365102789382,0.1254970342676802,0.0,0.0,0.0,,8.766250000000001,1.9904166666666667,1.0,1.0,1.0,1.0,1,1,Minimal,1.0,High,Lower predicted next-day smoke concern; continue checking official air-quality information.,Research decision-support prototype only; not an official NT EPA warning or medical advice.
2024-01-24,2024-01-25,Stokes Hill,0.0042189137201286,0,5.881966076866405,0.110408518377424,0.0,0.0,0.0,,6.191363636363636,1.4283333333333337,0.9166666666666666,1.0,1.0,1.0,1,1,Minimal,0.986111111111111,High,Lower predicted next-day smoke concern; continue checking official air-quality information.,Research decision-support prototype only; not an official NT EPA warning or medical advice.
2024-01-25,2024-01-26,Stokes Hill,0.0032859830693358,0,3.618880342420273,0.0742009720233788,0.0,0.0,0.0,,4.233333333333333,1.0429166666666667,1.0,1.0,1.0,1.0,1,1,Minimal,1.0,High,Lower predicted next-day smoke concern; continue checking official air-quality information.,Research decision-support prototype only; not an official NT EPA warning or medical advice.
2024-01-26,2024-01-27,Stokes Hill,0.004697556461858,0,4.631493217575181,0.0902565837275506,0.0,0.0,0.0,,5.051666666666667,1.3979166666666665,1.0,1.0,1.0,1.0,1,1,Minimal,1.0,High,Lower predicted next-day smoke concern; continue checking official air-quality information.,Research decision-support prototype only; not an official NT EPA warning or medical advice.
2024-01-28,2024-01-29,Stokes Hill,0.0033096184478974,0,2.936791481601752,0.0718698151472168,0.0189824636292705,35.69532259353419,47.49999999999999,474.0746289064305,4.388695652173913,1.4116666666666668,0.9583333333333334,1.0,1.0,1.0,1,1,Low,0.9930555555555557,High,Lower predicted next-day smoke concern; continue checking official air-quality information.,Research decision-support prototype only; not an official NT EPA warning or medical advice.
2024-01-29,2024-01-30,Stokes Hill,0.0037313132166567,0,4.286844528266745,0.0771270481362704,0.0,0.0,0.0,,4.752916666666667,1.39,1.0,1.0,1.0,1.0,1,1,Minimal,1.0,High,Lower predicted next-day smoke concern; continue checking official air-quality information.,Research decision-support prototype only; not an official NT EPA warning or medical advice.
2024-01-30,2024-01-31,Stokes Hill,0.003715111483906,0,3.671254868191975,0.105068276726758,0.0,0.0,0.0,,4.25125,1.7904166666666663,1.0,1.0,1.0,1.0,1,1,Minimal,1.0,High,Lower predicted next-day smoke concern; continue checking official air-quality information.,Research decision-support prototype only; not an official NT EPA warning or medical advice.
2024-02-01,2024-02-02,Stokes Hill,0.0035985154850938,0,3.1907431335355447,0.1108258057250259,0.0,0.0,0.0,,3.920869565217392,1.57875,0.9583333333333334,1.0,1.0,1.0,1,1,Minimal,0.9930555555555557,High,Lower predicted next-day smoke concern; continue checking official air-quality information.,Research decision-support prototype only; not an official NT EPA warning or medical advice.
2024-02-02,2024-02-03,Stokes Hill,0.0058992246909839,0,4.668053620125042,0.0792475554527176,0.0,0.0,0.0,,7.39125,1.6133333333333333,1.0,1.0,1.0,1.0,1,1,Minimal,1.0,High,Lower predicted next-day smoke concern; continue checking official air-quality information.,Research decision-support prototype only; not an official NT EPA warning or medical advice.
2024-02-03,2024-02-04,Stokes Hill,0.0082600530437024,0,5.4547024761377765,0.084175193699046,0.0,0.0,0.0,,7.544166666666666,2.505,1.0,1.0,1.0,1.0,1,1,Minimal,1.0,High,Lower predicted next-day smoke concern; continue checking official air-quality information.,Research decision-support prototype only; not an official NT EPA warning or medical advice.
2024-02-04,2024-02-05,Stokes Hill,0.0055696960288283,0,4.283158716305053,0.1239379186620429,0.0,0.0,0.0,,5.125,2.1075,1.0,1.0,1.0,1.0,1,1,Minimal,1.0,High,Lower predicted next-day smoke concern; continue checking official air-quality information.,Research decision-support prototype only; not an official NT EPA warning or medical advice.
2024-02-05,2024-02-06,Stokes Hill,0.0054700906197176,0,3.88994749647598,0.0878916815261938,0.0285676202517704,13.537761415206042,0.0,,5.076666666666667,1.4941666666666666,1.0,1.0,1.0,1.0,1,1,Low,1.0,High,Lower predicted next-day smoke concern; continue checking official air-quality information.,Research decision-support prototype only; not an official NT EPA warning or medical advice.
2024-02-06,2024-02-07,Stokes Hill,0.0063293917967669,0,4.252432805826599,0.1007928954100437,0.0192328276688413,14.249461003340135,0.0,,5.8775,1.8666666666666665,1.0,1.0,1.0,1.0,1,1,Low,1.0,High,Lower predicted next-day smoke concern; continue checking official air-quality information.,Research decision-support prototype only; not an official NT EPA warning or medical advice.
2024-02-08,2024-02-09,Stokes Hill,0.0098180267922749,0,3.905591192883144,0.1579507335236266,0.1573221529827295,4.221468231758538,3.6,411.0109286735637,3.3395652173913044,2.6008333333333336,0.9583333333333334,1.0,1.0,1.0,1,1,Low,0.9930555555555557,High,Lower predicted next-day smoke concern; continue checking official air-quality information.,Research decision-support prototype only; not an official NT EPA warning or medical advice.
2024-02-10,2024-02-11,Stokes Hill,0.0040512017177588,0,2.8250749133777315,0.1315295255883698,0.0,0.0,0.0,,3.615,2.3720833333333333,0.9166666666666666,1.0,1.0,1.0,1,1,Minimal,0.986111111111111,High,Lower predicted next-day smoke concern; continue checking official air-quality information.,Research decision-support prototype only; not an official NT EPA warning or medical advice.
2024-02-12,2024-02-13,Stokes Hill,0.003237325519514,0,2.019625466803649,0.1235664027088727,0.0,0.0,0.0,,2.348095238095238,1.17375,0.875,1.0,1.0,1.0,1,1,Minimal,0.9791666666666666,High,Lower predicted next-day smoke concern; continue checking official air-quality information.,Research decision-support prototype only; not an official NT EPA warning or medical advice.
2024-02-15,2024-02-16,Stokes Hill,0.0019356384429417,0,1.3058901582572435,0.0438049724302408,0.0058592623940806,0.7983131592501049,0.0,,2.866521739130435,1.625,0.9583333333333334,1.0,1.0,1.0,1,1,Low,0.9930555555555557,High,Lower predicted next-day smoke concern; continue checking official air-quality information.,Research decision-support prototype only; not an official NT EPA warning or medical advice.
2024-02-16,2024-02-17,Stokes Hill,0.0017075420381253,0,3.2483611459589508,0.0905956662402605,0.0,0.0,0.0,,4.87375,1.65125,1.0,1.0,1.0,1.0,1,1,Minimal,1.0,High,Lower predicted next-day smoke concern; continue checking official air-quality information.,Research decision-support prototype only; not an official NT EPA warning or medical advice.
2024-02-17,2024-02-18,Stokes Hill,0.004096430416015,0,3.2977305614265857,0.0615920163923817,0.0,0.0,0.0,,6.7245833333333325,2.87,1.0,1.0,1.0,1.0,1,1,Minimal,1.0,High,Lower predicted next-day smoke concern; continue checking official air-quality information.,Research decision-support prototype only; not an official NT EPA warning or medical advice.
2024-02-18,2024-02-19,Stokes Hill,0.0058478821465768,0,4.905915047659511,0.0801425865147235,0.0,0.0,0.0,,6.887083333333333,3.1841666666666666,1.0,1.0,1.0,1.0,1,1,Minimal,1.0,High,Lower predicted next-day smoke concern; continue checking official air-quality information.,Research decision-support prototype only; not an official NT EPA warning or medical advice.
2024-02-19,2024-02-20,Stokes Hill,0.0028660812842683,0,5.090081959208373,0.111935285992417,0.0,0.0,0.0,,6.603333333333333,3.6208333333333336,1.0,1.0,1.0,1.0,1,1,Minimal,1.0,High,Lower predicted next-day smoke concern; continue checking official air-quality information.,Research decision-support prototype only; not an official NT EPA warning or medical advice.
2024-02-20,2024-02-21,Stokes Hill,0.0086329147297822,0,5.732317547067669,0.1940320826409225,0.0,0.0,0.0,,6.620833333333334,3.859583333333333,1.0,1.0,1.0,1.0,1,1,Minimal,1.0,High,Lower predicted next-day smoke concern; continue checking official air-quality information.,Research decision-support prototype only; not an official NT EPA warning or medical advice.
2024-02-21,2024-02-22,Stokes Hill,0.0115190139412046,0,7.038055619878253,0.2080826725807094,0.0,0.0,0.0,,9.026666666666667,2.4858333333333333,1.0,1.0,1.0,1.0,1,1,Minimal,1.0,High,Lower predicted next-day smoke concern; continue checking official air-quality information.,Research decision-support prototype only; not an official NT EPA warning or medical advice.
2024-02-22,2024-02-23,Stokes Hill,0.0079808880025833,0,6.676990531824828,0.180348582686378,0.0,0.0,0.0,,7.92625,2.8041666666666667,1.0,1.0,1.0,1.0,1,1,Minimal,1.0,High,Lower predicted next-day smoke concern; continue checking official air-quality information.,Research decision-support prototype only; not an official NT EPA warning or medical advice.
2024-02-25,2024-02-26,Stokes Hill,0.0047274053996257,0,4.404112888055504,0.078205957187187,0.0359845856933215,5.72300893843508,0.0,,4.925652173913043,2.692083333333333,0.9583333333333334,1.0,1.0,1.0,1,1,Low,0.9930555555555557,High,Lower predicted next-day smoke concern; continue checking official air-quality information.,Research decision-support prototype only; not an official NT EPA warning or medical advice.
2024-02-27,2024-02-28,Stokes Hill,0.0012666642917442,0,1.6852664143903129,0.082318377383347,0.0,0.0,0.0,,2.935238095238095,2.387916666666667,0.875,1.0,1.0,1.0,1,1,Minimal,0.9791666666666666,High,Lower predicted next-day smoke concern; continue checking official air-quality information.,Research decision-support prototype only; not an official NT EPA warning or medical advice.
2024-02-28,2024-02-29,Stokes Hill,0.0053710504416345,0,3.276731517032553,0.1272527367064204,0.0,0.0,0.0,,3.752916666666667,3.266666666666667,1.0,1.0,1.0,1.0,1,1,Minimal,1.0,High,Lower predicted next-day smoke concern; continue checking official air-quality information.,Research decision-support prototype only; not an official NT EPA warning or medical advice.
2024-03-01,2024-03-02,Stokes Hill,0.0050410200555513,0,3.431782484775612,0.0901262474454133,0.0,0.0,0.0,,4.867826086956522,2.6558333333333333,0.9583333333333334,1.0,1.0,1.0,1,1,Minimal,0.9930555555555557,High,Lower predicted next-day smoke concern; continue checking official air-quality information.,Research decision-support prototype only; not an official NT EPA warning or medical advice.
2024-03-03,2024-03-04,Stokes Hill,0.0073681284875871,0,4.702653792808926,0.1849183962274852,0.0311794003119061,4.142768574961534,5.04,292.3767236502079,6.687391304347826,3.0525,0.9583333333333334,1.0,1.0,1.0,1,1,Low,0.9930555555555557,High,Lower predicted next-day smoke concern; continue checking official air-quality information.,Research decision-support prototype only; not an official NT EPA warning or medical advice.
2024-03-04,2024-03-05,Stokes Hill,0.0054085420549205,0,3.522656781271784,0.1565240544668318,0.0,0.0,0.0,,3.2691666666666666,3.5395833333333333,1.0,1.0,1.0,1.0,1,1,Minimal,1.0,High,Lower predicted next-day smoke concern; continue checking official air-quality information.,Research decision-support prototype only; not an official NT EPA warning or medical advice.
2024-03-14,2024-03-15,Stokes Hill,0.0357180700571567,0,5.9792269663894935,0.515671962393739,0.0,0.0,0.0,,,,0.4166666666666667,0.4583333333333333,0.4583333333333333,0.4583333333333333,1,1,Minimal,0.6319444444444444,Limited,Lower predicted next-day smoke concern; continue checking official air-quality information.,Research decision-support prototype only; not an official NT EPA warning or medical advice.
2024-03-15,2024-03-16,Stokes Hill,0.0091713174535245,0,4.674225782862305,0.1879430970971965,0.0,0.0,0.0,,4.873333333333334,1.11875,1.0,1.0,1.0,1.0,1,1,Minimal,1.0,High,Lower predicted next-day smoke concern; continue checking official air-quality information.,Research decision-support prototype only; not an official NT EPA warning or medical advice.
2024-03-16,2024-03-17,Stokes Hill,0.0082313556353753,0,3.898081988965599,0.1531577671327466,0.0,0.0,0.0,,5.27375,1.2033333333333334,1.0,1.0,1.0,1.0,1,1,Minimal,1.0,High,Lower predicted next-day smoke concern; continue checking official air-quality information.,Research decision-support prototype only; not an official NT EPA warning or medical advice.
2024-03-17,2024-03-18,Stokes Hill,0.0100166756609021,0,5.860726415234569,0.2028196165400957,0.0,0.0,0.0,,6.765833333333333,1.1758333333333333,1.0,1.0,1.0,1.0,1,1,Minimal,1.0,High,Lower predicted next-day smoke concern; continue checking official air-quality information.,Research decision-support prototype only; not an official NT EPA warning or medical advice.
2024-03-18,2024-03-19,Stokes Hill,0.0096238828019654,0,6.026597516836626,0.2128163500057214,0.0,0.0,0.0,,7.095833333333334,1.024166666666667,1.0,1.0,1.0,1.0,1,1,Minimal,1.0,High,Lower predicted next-day smoke concern; continue checking official air-quality information.,Research decision-support prototype only; not an official NT EPA warning or medical advice.
2024-03-20,2024-03-21,Stokes Hill,0.0104481144309746,0,4.963588401371633,0.2559752622564668,0.0,0.0,0.0,,6.31,1.5065217391304346,0.9583333333333334,0.9583333333333334,0.9583333333333334,0.9583333333333334,1,1,Minimal,0.9722222222222223,High,Lower predicted next-day smoke concern; continue checking official air-quality information.,Research decision-support prototype only; not an official NT EPA warning or medical advice.
2024-03-21,2024-03-22,Stokes Hill,0.0083513434048062,0,4.308413454907536,0.2448222474709982,0.0,0.0,0.0,,5.60125,2.82875,1.0,1.0,1.0,1.0,1,1,Minimal,1.0,High,Lower predicted next-day smoke concern; continue checking official air-quality information.,Research decision-support prototype only; not an official NT EPA warning or medical advice.
2024-03-26,2024-03-27,Stokes Hill,0.0527731602826186,0,6.063172799357201,0.446783229157681,0.0,0.0,0.0,,,,0.3333333333333333,0.3333333333333333,0.3333333333333333,0.3333333333333333,1,1,Minimal,0.5555555555555555,Limited,Lower predicted next-day smoke concern; continue checking official air-quality information.,Research decision-support prototype only; not an official NT EPA warning or medical advice.
2024-03-27,2024-03-28,Stokes Hill,0.0161339691760337,0,5.762423198002844,0.1021262179713703,0.537691876549891,299.38514287667243,259.04,417.2800826648096,9.941666666666666,1.3104166666666666,1.0,1.0,1.0,1.0,1,1,Low,1.0,High,Lower predicted next-day smoke concern; continue checking official air-quality information.,Research decision-support prototype only; not an official NT EPA warning or medical advice.
2024-03-28,2024-03-29,Stokes Hill,0.0145733981410359,0,4.877384131121527,0.1194914765302059,0.2015843074562391,154.35790890192544,174.39,395.1917695171116,4.56125,1.5641666666666667,1.0,1.0,1.0,1.0,1,1,Low,1.0,High,Lower predicted next-day smoke concern; continue checking official air-quality information.,Research decision-support prototype only; not an official NT EPA warning or medical advice.
2024-03-29,2024-03-30,Stokes Hill,0.0158485263101232,0,4.384037805192306,0.1273517286331799,0.2000378041956994,82.81111888511072,86.47000000000001,395.1917695171116,5.16875,1.58625,1.0,1.0,1.0,1.0,1,1,Low,1.0,High,Lower predicted next-day smoke concern; continue checking official air-quality information.,Research decision-support prototype only; not an official NT EPA warning or medical advice.
2024-04-01,2024-04-02,Stokes Hill,0.0080676100380277,0,3.749404348379959,0.2553551887858922,0.0,0.0,0.0,,3.3656521739130434,1.9183333333333328,0.9583333333333334,1.0,1.0,1.0,1,1,Minimal,0.9930555555555557,High,Lower predicted next-day smoke concern; continue checking official air-quality information.,Research decision-support prototype only; not an official NT EPA warning or medical advice.
2024-04-02,2024-04-03,Stokes Hill,0.0052222536221629,0,2.8726318852932997,0.0742348273935645,0.0,0.0,0.0,,3.794166666666667,2.2779166666666666,1.0,1.0,1.0,1.0,1,1,Minimal,1.0,High,Lower predicted next-day smoke concern; continue checking official air-quality information.,Research decision-support prototype only; not an official NT EPA warning or medical advice.
2024-04-03,2024-04-04,Stokes Hill,0.0043443514955247,0,3.864604265025159,0.1903279375636625,0.0,0.0,0.0,,5.49625,2.388333333333333,1.0,1.0,1.0,1.0,1,1,Minimal,1.0,High,Lower predicted next-day smoke concern; continue checking official air-quality information.,Research decision-support prototype only; not an official NT EPA warning or medical advice.
2024-04-04,2024-04-05,Stokes Hill,0.0234580450737841,0,4.135942101790271,0.2873751168112101,1.5282311032613285,113.2406160919336,149.0,250.4555966415767,4.79375,2.075833333333333,1.0,1.0,1.0,1.0,1,1,Low,1.0,High,Lower predicted next-day smoke concern; continue checking official air-quality information.,Research decision-support prototype only; not an official NT EPA warning or medical advice.
2024-04-05,2024-04-06,Stokes Hill,0.0727300510559394,0,7.324579568827898,0.3426416020894151,1.7170414900609003,172.05730126141682,185.91000000000005,241.57752026629893,7.867083333333333,2.4345833333333333,1.0,1.0,1.0,1.0,1,1,Low,1.0,High,Lower predicted next-day smoke concern; continue checking official air-quality information.,Research decision-support prototype only; not an official NT EPA warning or medical advice.
2024-04-06,2024-04-07,Stokes Hill,0.0268778011297049,0,7.090416481961277,0.2392947223905179,0.395670516429286,37.52546042223234,37.65,230.78823735601335,9.002083333333333,2.3541666666666665,1.0,1.0,1.0,1.0,1,1,Low,1.0,High,Lower predicted next-day smoke concern; continue checking official air-quality information.,Research decision-support prototype only; not an official NT EPA warning or medical advice.
2024-04-07,2024-04-08,Stokes Hill,0.0259249538187791,0,6.5678860545952205,0.246626689508782,1.2765313991803109,647.037921496388,283.26000000000005,267.0263836533547,7.795416666666667,2.212916666666666,1.0,1.0,1.0,1.0,1,1,Low,1.0,High,Lower predicted next-day smoke concern; continue checking official air-quality information.,Research decision-support prototype only; not an official NT EPA warning or medical advice.
2024-04-08,2024-04-09,Stokes Hill,0.0701169218467273,0,8.003418177899821,0.6182679496979206,9.12764048901354,1357.9826982388731,1343.14,139.463072589888,7.829999999999999,2.0079166666666666,1.0,1.0,1.0,1.0,1,1,Low,1.0,High,Lower predicted next-day smoke concern; continue checking official air-quality information.,Research decision-support prototype only; not an official NT EPA warning or medical advice.
2024-04-09,2024-04-10,Stokes Hill,0.1267595953041912,0,8.683258445628123,0.8113816019926487,6.228045634163497,1788.8849234198574,2236.92,180.61192942779485,8.487916666666667,1.9491666666666667,1.0,1.0,1.0,1.0,1,1,Low,1.0,High,Lower predicted next-day smoke concern; continue checking official air-quality information.,Research decision-support prototype only; not an official NT EPA warning or medical advice.
2024-04-10,2024-04-11,Stokes Hill,0.139563935160271,0,10.49184643712785,0.7569434369439815,18.509003589495016,3527.803664640187,2442.48,137.7101512618483,9.47125,2.759583333333333,1.0,1.0,1.0,1.0,1,1,Low,1.0,High,Lower predicted next-day smoke concern; continue checking official air-quality information.,Research decision-support prototype only; not an official NT EPA warning or medical advice.
2024-04-11,2024-04-12,Stokes Hill,0.1398719393937082,0,11.331771288426571,0.7872852757009388,26.72771489402897,6605.762207555075,4688.83,137.7101512618483,11.271666666666668,2.429583333333333,1.0,1.0,1.0,1.0,1,1,Low,1.0,High,Lower predicted next-day smoke concern; continue checking official air-quality information.,Research decision-support prototype only; not an official NT EPA warning or medical advice.
2024-04-12,2024-04-13,Stokes Hill,0.0199702455127895,0,4.133142036397153,0.2500063852539566,18.42001260839605,5286.722323827336,2450.84,139.27826579773094,6.280833333333334,2.1675,1.0,1.0,1.0,1.0,1,1,Low,1.0,High,Lower predicted next-day smoke concern; continue checking official air-quality information.,Research decision-support prototype only; not an official NT EPA warning or medical advice.
2024-04-13,2024-04-14,Stokes Hill,0.0228577552060848,0,4.70888357234983,0.2514241810139991,8.777941751027528,814.0304927357556,479.81000000000006,140.60770758259184,6.334583333333334,3.3041666666666667,1.0,1.0,1.0,1.0,1,1,Low,1.0,High,Lower predicted next-day smoke concern; continue checking official air-quality information.,Research decision-support prototype only; not an official NT EPA warning or medical advice.
2024-04-14,2024-04-15,Stokes Hill,0.0186523064411329,0,5.324265128290903,0.2736767878811921,5.108426538861062,452.3392180233593,323.34,140.60770758259184,6.576666666666667,2.864583333333333,1.0,1.0,1.0,1.0,1,1,Low,1.0,High,Lower predicted next-day smoke concern; continue checking official air-quality information.,Research decision-support prototype only; not an official NT EPA warning or medical advice.
2024-04-16,2024-04-17,Stokes Hill,0.0657623533559712,0,6.244139221633416,0.7172881227413759,8.397918490871124,973.6919223345363,985.02,63.30418242873292,6.549047619047619,2.245833333333333,0.875,0.9166666666666666,1.0,1.0,1,1,Low,0.9652777777777777,High,Lower predicted next-day smoke concern; continue checking official air-quality information.,Research decision-support prototype only; not an official NT EPA warning or medical advice.
2024-04-17,2024-04-18,Stokes Hill,0.0413418793344762,0,6.872811856604686,0.5041892286719014,20.52175220727496,1420.5597102921322,1034.36,29.266293856947637,6.76625,3.0666666666666664,1.0,1.0,1.0,1.0,1,1,Low,1.0,High,Lower predicted next-day smoke concern; continue checking official air-quality information.,Research decision-support prototype only; not an official NT EPA warning or medical advice.
2024-04-18,2024-04-19,Stokes Hill,0.0281746877308259,0,5.045050630440237,0.3306666986503697,15.134553492346408,1676.7956260582596,1414.34,127.51750748506193,5.530833333333334,3.4745833333333334,1.0,1.0,1.0,1.0,1,1,Low,1.0,High,Lower predicted next-day smoke concern; continue checking official air-quality information.,Research decision-support prototype only; not an official NT EPA warning or medical advice.
2024-04-19,2024-04-20,Stokes Hill,0.0653669491126935,0,7.794750089538844,0.4201020479188915,7.1544570967829895,818.738128830679,783.3399999999999,177.7494014577081,9.1625,2.4720833333333334,1.0,1.0,1.0,1.0,1,1,Low,1.0,High,Lower predicted next-day smoke concern; continue checking official air-quality information.,Research decision-support prototype only; not an official NT EPA warning or medical advice.
2024-04-20,2024-04-21,Stokes Hill,0.2121044072484895,0,12.759786265251496,1.3435841661077517,27.4524387664132,2913.242761017751,2756.8500000000004,126.69717492674258,10.7425,3.1358333333333337,1.0,1.0,1.0,1.0,1,1,Moderate,1.0,High,Some smoke impact is possible; monitor updated conditions and official information.,Research decision-support prototype only; not an official NT EPA warning or medical advice.
2024-04-21,2024-04-22,Stokes Hill,0.1223896836207483,0,9.906913334617771,0.6931943993260156,21.59794122028334,3334.8881645760307,3090.98,126.32221023917434,8.297500000000001,3.2929166666666667,1.0,1.0,1.0,1.0,1,1,Low,1.0,High,Lower predicted next-day smoke concern; continue checking official air-quality information.,Research decision-support prototype only; not an official NT EPA warning or medical advice.
2024-04-22,2024-04-23,Stokes Hill,0.097774703178073,0,9.061401821487625,1.0699042082131929,23.47185874427136,1874.1970521564203,1691.22,20.53560847614067,8.28,2.5908333333333333,1.0,1.0,1.0,1.0,1,1,Low,1.0,High,Some smoke impact is possible; monitor updated conditions and official information.,Research decision-support prototype only; not an official NT EPA warning or medical advice.
2024-04-23,2024-04-24,Stokes Hill,0.0553872320964284,0,7.416925484282529,0.6648319551896333,75.34135243107238,5209.484760891068,6107.700000000001,70.73534764450339,9.942916666666669,1.820833333333333,1.0,1.0,1.0,1.0,1,1,Moderate,1.0,High,Lower predicted next-day smoke concern; continue checking official air-quality information.,Research decision-support prototype only; not an official NT EPA warning or medical advice.
2024-04-24,2024-04-25,Stokes Hill,0.0240174060359253,0,5.827401597227423,0.4998090440485351,30.796893680845447,3098.0849127742526,935.5,52.84698715700848,7.390416666666667,1.7054166666666666,1.0,1.0,1.0,1.0,1,1,Moderate,1.0,High,Lower predicted next-day smoke concern; continue checking official air-quality information.,Research decision-support prototype only; not an official NT EPA warning or medical advice.
2024-04-25,2024-04-26,Stokes Hill,0.0295829757330798,0,5.8750072664020685,0.5606426765554707,42.56554707661317,3601.7177582098598,1052.79,31.1680908714212,5.379583333333333,3.0483333333333333,1.0,1.0,1.0,1.0,1,1,Moderate,1.0,High,Lower predicted next-day smoke concern; continue checking official air-quality information.,Research decision-support prototype only; not an official NT EPA warning or medical advice.
2024-04-26,2024-04-27,Stokes Hill,0.0425818839037733,0,8.197290600735322,0.7261820312288182,191.62953201270125,16930.76070655279,10781.34,31.1680908714212,5.425833333333333,2.82875,1.0,1.0,1.0,1.0,1,1,High,1.0,High,Lower predicted next-day smoke concern; continue checking official air-quality information.,Research decision-support prototype only; not an official NT EPA warning or medical advice.
2024-04-27,2024-04-28,Stokes Hill,0.1678067417940319,0,10.947840941703344,1.0879405298153182,258.254325452284,25519.98433359801,22405.87,30.082727366326967,9.552916666666668,3.435416666666667,1.0,1.0,1.0,1.0,1,1,High,1.0,High,Some smoke impact is possible; monitor updated conditions and official information.,Research decision-support prototype only; not an official NT EPA warning or medical advice.
2024-04-28,2024-04-29,Stokes Hill,0.2307333451223419,0,12.775341271309944,1.2818117715962685,219.2906767619045,15069.541601129402,14665.45,30.082727366326967,12.662083333333332,2.466666666666667,1.0,1.0,1.0,1.0,1,1,High,1.0,High,Some smoke impact is possible; monitor updated conditions and official information.,Research decision-support prototype only; not an official NT EPA warning or medical advice.
2024-04-29,2024-04-30,Stokes Hill,0.0879291755612065,0,8.66044995443153,1.0481222832547528,193.2360305974784,11039.826201579875,11001.16,24.55092758379425,10.454583333333334,2.5554166666666664,1.0,1.0,1.0,1.0,1,1,High,1.0,High,Some smoke impact is possible; monitor updated conditions and official information.,Research decision-support prototype only; not an official NT EPA warning or medical advice.
2024-04-30,2024-05-01,Stokes Hill,0.1209466794234916,0,10.715024058770398,1.0808490969338116,158.58250095456452,8265.548196430884,6471.4400000000005,24.55092758379425,8.724583333333333,2.720416666666667,1.0,1.0,1.0,1.0,1,1,High,1.0,High,Some smoke impact is possible; monitor updated conditions and official information.,Research decision-support prototype only; not an official NT EPA warning or medical advice.
2024-05-01,2024-05-02,Stokes Hill,0.13963087027054,0,7.306807876791056,1.1850871103513876,88.49165326519076,5298.222890953674,2702.09,65.99334851986815,7.36625,2.5675,1.0,1.0,1.0,1.0,1,1,Moderate,1.0,High,Some smoke impact is possible; monitor updated conditions and official information.,Research decision-support prototype only; not an official NT EPA warning or medical advice.
2024-05-02,2024-05-03,Stokes Hill,0.2759623703060128,0,10.57447445165833,1.804066242992815,136.94493725741023,6918.690146966661,4499.200000000001,58.08707914118784,9.300833333333332,2.825,1.0,1.0,1.0,1.0,1,1,Moderate,1.0,High,Some smoke impact is possible; monitor updated conditions and official information.,Research decision-support prototype only; not an official NT EPA warning or medical advice.
2024-05-03,2024-05-04,Stokes Hill,0.2754569376540915,0,10.7335894371224,2.1156161787782755,214.24932661137373,10996.377959509193,8889.279999999999,39.992230240152296,10.985,3.0187500000000003,1.0,1.0,1.0,1.0,1,1,High,1.0,High,Some smoke impact is possible; monitor updated conditions and official information.,Research decision-support prototype only; not an official NT EPA warning or medical advice.
2024-05-04,2024-05-05,Stokes Hill,0.171422441463617,0,8.630103468348185,1.7497532453480338,232.2373747565624,10293.852819247271,9649.04,39.992230240152296,8.924999999999999,2.733333333333333,1.0,1.0,1.0,1.0,1,1,High,1.0,High,Some smoke impact is possible; monitor updated conditions and official information.,Research decision-support prototype only; not an official NT EPA warning or medical advice.
2024-05-05,2024-05-06,Stokes Hill,0.2900168363958299,0,9.593370589318226,1.921905723287646,142.3439064983285,5419.628694339687,5276.639999999999,30.65117951786224,9.777916666666666,2.6091666666666664,1.0,1.0,1.0,1.0,1,1,Moderate,1.0,High,Some smoke impact is possible; monitor updated conditions and official information.,Research decision-support prototype only; not an official NT EPA warning or medical advice.
2024-05-06,2024-05-07,Stokes Hill,0.5171467907279298,0,13.484597194100123,3.465279357626444,112.0566965229254,3822.066506018126,4033.7,30.65117951786224,10.91875,2.4779166666666668,1.0,1.0,1.0,1.0,1,1,Moderate,1.0,High,Elevated smoke conditions are possible; review outdoor plans and official NT EPA information.,Research decision-support prototype only; not an official NT EPA warning or medical advice.
2024-05-07,2024-05-08,Stokes Hill,0.3633409097210208,0,11.91668792307473,2.916786455054846,141.89479735570296,7541.858914281719,5483.62,22.9843825614377,11.255833333333332,1.9808333333333328,1.0,1.0,1.0,1.0,1,1,Moderate,1.0,High,Some smoke impact is possible; monitor updated conditions and official information.,Research decision-support prototype only; not an official NT EPA warning or medical advice.
2024-05-09,2024-05-10,Stokes Hill,0.2328697397156232,0,11.753749098438693,2.031839391975356,298.2243118118605,35329.12822157412,34565.759999999995,32.16537282286748,9.04818181818182,1.3416666666666668,0.9166666666666666,0.9583333333333334,1.0,1.0,1,1,High,0.9791666666666666,High,Some smoke impact is possible; monitor updated conditions and official information.,Research decision-support prototype only; not an official NT EPA warning or medical advice.
2024-05-10,2024-05-11,Stokes Hill,0.3889559153093669,0,12.964245964153172,1.9571141117946904,352.56653242157097,36602.06137758024,34504.96,32.16537282286748,14.173333333333334,1.76875,1.0,1.0,1.0,1.0,1,1,High,1.0,High,Some smoke impact is possible; monitor updated conditions and official information.,Research decision-support prototype only; not an official NT EPA warning or medical advice.
2024-05-11,2024-05-12,Stokes Hill,0.8326206904549875,0,19.39684907459958,4.617727920854943,311.43217025089814,28537.13696368625,22924.98,43.91317752145597,24.85375,2.782916666666667,1.0,1.0,1.0,1.0,1,1,High,1.0,High,Elevated smoke conditions are possible; review outdoor plans and official NT EPA information.,Research decision-support prototype only; not an official NT EPA warning or medical advice.
2024-05-12,2024-05-13,Stokes Hill,0.544378361881148,0,18.01789911032869,3.26263891535566,175.46433591193136,17800.884154093525,12838.62,32.72374104895708,17.358333333333334,2.603333333333333,1.0,1.0,1.0,1.0,1,1,High,1.0,High,Elevated smoke conditions are possible; review outdoor plans and official NT EPA information.,Research decision-support prototype only; not an official NT EPA warning or medical advice.
2024-05-13,2024-05-14,Stokes Hill,0.4072921628010615,0,13.954936862785722,2.2483677954568955,142.16576854612958,10745.060994331476,9286.77,66.37547026384438,14.532083333333333,2.7258333333333336,1.0,1.0,1.0,1.0,1,1,Moderate,1.0,High,Some smoke impact is possible; monitor updated conditions and official information.,Research decision-support prototype only; not an official NT EPA warning or medical advice.
2024-05-14,2024-05-15,Stokes Hill,0.563683957958626,0,14.797756508416589,2.6334468977883705,221.9919591777038,15626.054187200516,14815.69,36.627278391210254,14.363333333333332,3.020833333333333,1.0,1.0,1.0,1.0,1,1,High,1.0,High,Elevated smoke conditions are possible; review outdoor plans and official NT EPA information.,Research decision-support prototype only; not an official NT EPA warning or medical advice.
2024-05-15,2024-05-16,Stokes Hill,0.655446445763797,0,17.659433868369916,3.1835003405282145,294.41057228696377,20269.22800084213,17389.879999999997,28.48083784861713,18.3125,2.44625,1.0,1.0,1.0,1.0,1,1,High,1.0,High,Elevated smoke conditions are possible; review outdoor plans and official NT EPA information.,Research decision-support prototype only; not an official NT EPA warning or medical advice.
2024-05-16,2024-05-17,Stokes Hill,0.5541099789688355,0,15.879740261428688,2.880295594054758,421.79530764863296,27779.283533237154,26242.340000000004,28.48083784861713,18.105833333333333,2.59875,1.0,1.0,1.0,1.0,1,1,High,1.0,High,Elevated smoke conditions are possible; review outdoor plans and official NT EPA information.,Research decision-support prototype only; not an official NT EPA warning or medical advice.
2024-05-17,2024-05-18,Stokes Hill,0.5002130939534268,0,15.268702996870951,2.885435822595328,228.7877684107144,20725.79393360122,16321.31,21.36720703911997,16.33791666666667,1.9670833333333333,1.0,1.0,1.0,1.0,1,1,High,1.0,High,Elevated smoke conditions are possible; review outdoor plans and official NT EPA information.,Research decision-support prototype only; not an official NT EPA warning or medical advice.
2024-05-18,2024-05-19,Stokes Hill,0.7560242657598838,0,19.877758184794956,4.248336129645132,247.45023780927707,14625.93787857376,11312.28,19.769639430625283,20.695833333333333,2.950833333333333,1.0,1.0,1.0,1.0,1,1,High,1.0,High,Elevated smoke conditions are possible; review outdoor plans and official NT EPA information.,Research decision-support prototype only; not an official NT EPA warning or medical advice.
2024-05-19,2024-05-20,Stokes Hill,0.8273775418690203,0,21.907071169466636,5.880951970268278,284.905367827985,17889.487790624415,14053.23,17.184392081959235,19.57208333333333,3.0070833333333336,1.0,1.0,1.0,1.0,1,1,High,1.0,High,Elevated smoke conditions are possible; review outdoor plans and official NT EPA information.,Research decision-support prototype only; not an official NT EPA warning or medical advice.
2024-05-20,2024-05-21,Stokes Hill,0.8449942788497701,0,24.549549808924645,7.208510174635839,665.2130963108175,31034.00728412332,25675.52,17.184392081959235,21.501666666666665,3.6879166666666663,1.0,1.0,1.0,1.0,1,1,High,1.0,High,Elevated smoke conditions are possible; review outdoor plans and official NT EPA information.,Research decision-support prototype only; not an official NT EPA warning or medical advice.
2024-05-21,2024-05-22,Stokes Hill,0.9436430844043098,1,26.82637173744491,8.581306790298402,865.7735701638192,44623.55467359992,39497.100000000006,12.75095447236605,27.74375,3.4825,1.0,1.0,1.0,1.0,1,1,High,1.0,High,Elevated smoke conditions are possible; review outdoor plans and official NT EPA information.,Research decision-support prototype only; not an official NT EPA warning or medical advice.
2024-05-22,2024-05-23,Stokes Hill,0.8589090838311656,0,19.735844253406263,5.635721718687383,473.93249527771457,33849.79297474884,25367.1,12.75095447236605,29.245833333333334,3.205833333333333,1.0,1.0,1.0,1.0,1,1,High,1.0,High,Elevated smoke conditions are possible; review outdoor plans and official NT EPA information.,Research decision-support prototype only; not an official NT EPA warning or medical advice.
2024-05-23,2024-05-24,Stokes Hill,0.8421405425635233,0,20.931466920183237,4.912675718401098,206.63001626543308,18285.21695643435,17050.91,15.874810449367914,31.438333333333333,2.3945833333333333,1.0,1.0,1.0,1.0,1,1,High,1.0,High,Elevated smoke conditions are possible; review outdoor plans and official NT EPA information.,Research decision-support prototype only; not an official NT EPA warning or medical advice.
2024-05-24,2024-05-25,Stokes Hill,0.4811735746335748,0,16.743544814796294,2.84882812976778,98.82360582727831,9411.202275805324,6184.17,25.00633043444203,22.324166666666667,1.86625,1.0,1.0,1.0,1.0,1,1,Moderate,1.0,High,Some smoke impact is possible; monitor updated conditions and official information.,Research decision-support prototype only; not an official NT EPA warning or medical advice.
2024-05-25,2024-05-26,Stokes Hill,0.1872460883738183,0,11.91098406851826,1.9625348754530887,148.50642791702546,6494.310761702276,5229.94,24.15413511235153,9.24125,2.129166666666667,1.0,1.0,1.0,1.0,1,1,Moderate,1.0,High,Some smoke impact is possible; monitor updated conditions and official information.,Research decision-support prototype only; not an official NT EPA warning or medical advice.
2024-05-26,2024-05-27,Stokes Hill,0.2515056417272919,0,9.241502090662252,1.838071470259612,103.10461391402424,6827.417420819494,4021.29,24.15413511235153,10.385,1.75625,1.0,1.0,1.0,1.0,1,1,Moderate,1.0,High,Some smoke impact is possible; monitor updated conditions and official information.,Research decision-support prototype only; not an official NT EPA warning or medical advice.
2024-05-27,2024-05-28,Stokes Hill,0.4828315202942784,0,12.918397260259525,2.6710790942368345,167.8847254451519,6903.19781129848,4930.65,31.51773728699184,14.591666666666669,2.495,1.0,1.0,1.0,1.0,1,1,High,1.0,High,Some smoke impact is possible; monitor updated conditions and official information.,Research decision-support prototype only; not an official NT EPA warning or medical advice.
2024-05-28,2024-05-29,Stokes Hill,0.4954346158131014,0,14.519791279391516,3.134378990009413,106.20667562684228,7988.370983029834,7141.869999999999,34.50549659603286,16.60375,2.055,1.0,1.0,1.0,1.0,1,1,Moderate,1.0,High,Some smoke impact is possible; monitor updated conditions and official information.,Research decision-support prototype only; not an official NT EPA warning or medical advice.
2024-05-29,2024-05-30,Stokes Hill,0.2317791535805352,0,11.130180079260104,1.7559701545472943,55.9553764699218,4366.188373817585,4017.6,47.54966416244323,10.78375,3.2375000000000003,1.0,1.0,1.0,1.0,1,1,Moderate,1.0,High,Some smoke impact is possible; monitor updated conditions and official information.,Research decision-support prototype only; not an official NT EPA warning or medical advice.
2024-06-05,2024-06-06,Stokes Hill,0.487022280777549,0,27.123513985997818,0.974110354107724,,,,,14.832916666666668,2.8579166666666667,1.0,1.0,1.0,1.0,1,0,Unknown,0.8333333333333334,Moderate,Elevated smoke conditions are possible; review outdoor plans and official NT EPA information.,Research decision-support prototype only; not an official NT EPA warning or medical advice.
2024-06-06,2024-06-07,Stokes Hill,0.7288200549818916,0,18.187664448751548,3.9327168085947184,406.55986188663866,18863.397164576392,11697.06,12.821644331980416,11.962083333333332,3.579166666666667,1.0,1.0,1.0,1.0,1,1,High,1.0,High,Elevated smoke conditions are possible; review outdoor plans and official NT EPA information.,Research decision-support prototype only; not an official NT EPA warning or medical advice.
2024-06-07,2024-06-08,Stokes Hill,0.9166231952324192,1,21.56362555626923,7.414681994213152,375.2731661140469,20599.193684395497,14096.77,19.757086995662053,24.521666666666665,3.4579166666666663,1.0,1.0,1.0,1.0,1,1,High,1.0,High,Elevated smoke conditions are possible; review outdoor plans and official NT EPA information.,Research decision-support prototype only; not an official NT EPA warning or medical advice.
2024-06-08,2024-06-09,Stokes Hill,0.9668863095103885,1,26.562285897394247,13.524356412680008,298.5155284839884,24525.692166782,16013.249999999998,25.932270461632523,33.875416666666666,2.5170833333333333,1.0,1.0,1.0,1.0,1,1,High,1.0,High,Elevated smoke conditions are possible; review outdoor plans and official NT EPA information.,Research decision-support prototype only; not an official NT EPA warning or medical advice.
2024-06-09,2024-06-10,Stokes Hill,0.6078355650532788,0,18.53215727405072,4.836979640740487,238.10996376243992,16454.549124813355,13290.06,25.932270461632523,20.710416666666667,2.1720833333333336,1.0,1.0,1.0,1.0,1,1,High,1.0,High,Elevated smoke conditions are possible; review outdoor plans and official NT EPA information.,Research decision-support prototype only; not an official NT EPA warning or medical advice.
2024-06-10,2024-06-11,Stokes Hill,0.4036695339491469,0,14.462887016444864,2.1218344550309167,145.0562952977624,5750.580778942108,5349.889999999999,28.9191181914449,15.715416666666668,2.2983333333333333,1.0,1.0,1.0,1.0,1,1,Moderate,1.0,High,Some smoke impact is possible; monitor updated conditions and official information.,Research decision-support prototype only; not an official NT EPA warning or medical advice.
2024-06-11,2024-06-12,Stokes Hill,0.6192958250842787,0,16.137806841482238,3.773024532848009,196.59990461735904,9780.123413944464,8300.880000000001,27.29824588279225,17.741666666666667,2.31125,1.0,1.0,1.0,1.0,1,1,High,1.0,High,Elevated smoke conditions are possible; review outdoor plans and official NT EPA information.,Research decision-support prototype only; not an official NT EPA warning or medical advice.
2024-06-12,2024-06-13,Stokes Hill,0.354151600243051,0,14.48287269276098,2.791854333496792,169.9409019890231,7603.449698332863,6272.54,29.89682715256344,15.699583333333337,1.6383333333333334,1.0,1.0,1.0,1.0,1,1,High,1.0,High,Some smoke impact is possible; monitor updated conditions and official information.,Research decision-support prototype only; not an official NT EPA warning or medical advice.
2024-06-13,2024-06-14,Stokes Hill,0.9071142308458572,1,21.95656973695252,7.426794026405043,95.23344441025272,19540.050915398933,18837.92,13.652225784921674,27.83875,1.25625,1.0,1.0,1.0,1.0,1,1,Moderate,1.0,High,Elevated smoke conditions are possible; review outdoor plans and official NT EPA information.,Research decision-support prototype only; not an official NT EPA warning or medical advice.
2024-06-14,2024-06-15,Stokes Hill,0.7336023592221638,0,20.40116658086948,5.649344430067916,132.43059061398182,23013.20300888292,22468.43,9.514304171106012,18.046666666666667,1.221666666666667,1.0,1.0,1.0,1.0,1,1,Moderate,1.0,High,Elevated smoke conditions are possible; review outdoor plans and official NT EPA information.,Research decision-support prototype only; not an official NT EPA warning or medical advice.
2024-06-15,2024-06-16,Stokes Hill,0.8962406950620756,1,21.42980096593169,7.198838697464378,160.4533847272644,18256.628329956064,13942.8,26.350423785379963,29.749166666666667,1.3033333333333337,1.0,1.0,1.0,1.0,1,1,High,1.0,High,Elevated smoke conditions are possible; review outdoor plans and official NT EPA information.,Research decision-support prototype only; not an official NT EPA warning or medical advice.
2024-06-16,2024-06-17,Stokes Hill,0.6909841178552091,0,19.258749993317974,4.645260328474634,213.78902003090712,17773.99933377472,13704.929999999998,26.350423785379963,19.770416666666662,1.3929166666666666,1.0,1.0,1.0,1.0,1,1,High,1.0,High,Elevated smoke conditions are possible; review outdoor plans and official NT EPA information.,Research decision-support prototype only; not an official NT EPA warning or medical advice.
2024-06-17,2024-06-18,Stokes Hill,0.9123651106643615,1,22.965792815035183,10.705649474627313,165.74133775034397,31115.395681390462,27413.69,20.190672005958994,30.45833333333333,1.4775,1.0,1.0,1.0,1.0,1,1,High,1.0,High,Elevated smoke conditions are possible; review outdoor plans and official NT EPA information.,Research decision-support prototype only; not an official NT EPA warning or medical advice.
2024-06-18,2024-06-19,Stokes Hill,0.8141341723237002,0,21.38252743255644,9.546869868596286,196.37971569104783,33882.85458542155,20125.8,35.48037265097555,25.09708333333333,1.3099999999999998,1.0,1.0,1.0,1.0,1,1,High,1.0,High,Elevated smoke conditions are possible; review outdoor plans and official NT EPA information.,Research decision-support prototype only; not an official NT EPA warning or medical advice.
2024-06-19,2024-06-20,Stokes Hill,0.8167533057172724,0,20.77977129379976,5.858391738767307,181.29032086194653,30706.901819689658,30860.480000000003,32.01429719376412,22.30458333333333,1.3445833333333337,1.0,1.0,1.0,1.0,1,1,High,1.0,High,Elevated smoke conditions are possible; review outdoor plans and official NT EPA information.,Research decision-support prototype only; not an official NT EPA warning or medical advice.
2024-06-20,2024-06-21,Stokes Hill,0.7952825828101041,0,22.39273653541137,5.420771401094827,232.11449864143984,22275.52171740329,19356.8,37.0908099445761,24.684166666666663,1.7241666666666668,1.0,1.0,1.0,1.0,1,1,High,1.0,High,Elevated smoke conditions are possible; review outdoor plans and official NT EPA information.,Research decision-support prototype only; not an official NT EPA warning or medical advice.
2024-06-21,2024-06-22,Stokes Hill,0.90798340558613,1,23.598801307425877,6.904513515409845,294.88461027664766,18408.593328948213,12043.71,15.508948852335678,26.04125,2.6754166666666666,1.0,1.0,1.0,1.0,1,1,High,1.0,High,Elevated smoke conditions are possible; review outdoor plans and official NT EPA information.,Research decision-support prototype only; not an official NT EPA warning or medical advice.
2024-06-22,2024-06-23,Stokes Hill,0.8438988307598231,0,22.062898488921935,6.824369298797396,295.9755567819276,17936.649659407653,15999.739999999998,15.508948852335678,22.041666666666668,3.19625,1.0,1.0,1.0,1.0,1,1,High,1.0,High,Elevated smoke conditions are possible; review outdoor plans and official NT EPA information.,Research decision-support prototype only; not an official NT EPA warning or medical advice.
2024-06-23,2024-06-24,Stokes Hill,0.5977482793050388,0,17.76240804874071,5.109464324642932,200.74284709538023,10598.858234153997,5140.400000000001,17.543453952456996,15.689583333333331,2.512083333333333,1.0,1.0,1.0,1.0,1,1,High,1.0,High,Elevated smoke conditions are possible; review outdoor plans and official NT EPA information.,Research decision-support prototype only; not an official NT EPA warning or medical advice.
2024-06-24,2024-06-25,Stokes Hill,0.6435773590799516,0,16.590294088780542,4.227869582071849,107.13022459725238,5682.7508709352205,4729.13,35.40887080050782,16.31125,2.1754166666666666,1.0,1.0,1.0,1.0,1,1,Moderate,1.0,High,Elevated smoke conditions are possible; review outdoor plans and official NT EPA information.,Research decision-support prototype only; not an official NT EPA warning or medical advice.
2024-06-26,2024-06-27,Stokes Hill,0.980185155891155,1,27.9952075627286,7.996588982376939,92.56322553757263,3246.666453754118,3344.52,10.10975715616927,48.777142857142856,1.60875,0.875,0.875,1.0,1.0,1,1,Moderate,0.9583333333333334,High,Elevated smoke conditions are possible; review outdoor plans and official NT EPA information.,Research decision-support prototype only; not an official NT EPA warning or medical advice.
2024-06-27,2024-06-28,Stokes Hill,0.9345277410562652,1,25.48056978684972,5.556863033966999,69.89420046314397,2339.3170751190983,1803.17,10.10975715616927,44.89416666666667,1.8183333333333331,1.0,1.0,1.0,1.0,1,1,Moderate,1.0,High,Elevated smoke conditions are possible; review outdoor plans and official NT EPA information.,Research decision-support prototype only; not an official NT EPA warning or medical advice.
2024-06-28,2024-06-29,Stokes Hill,0.3030757112716972,0,18.66544233670448,2.041451666831346,18.100374457892077,639.3906244929705,590.2900000000001,35.06680517301344,21.074583333333333,1.5154166666666666,1.0,1.0,1.0,1.0,1,1,Low,1.0,High,Some smoke impact is possible; monitor updated conditions and official information.,Research decision-support prototype only; not an official NT EPA warning or medical advice.
2024-06-29,2024-06-30,Stokes Hill,0.8159508974867323,0,19.09046759844147,2.5204211799451235,9.32932637274697,267.3179912707094,275.16,37.54646617291923,32.33416666666667,1.8804166666666668,1.0,1.0,1.0,1.0,1,1,Low,1.0,High,Elevated smoke conditions are possible; review outdoor plans and official NT EPA information.,Research decision-support prototype only; not an official NT EPA warning or medical advice.
2024-06-30,2024-07-01,Stokes Hill,0.5059572964992977,0,17.91531344861778,3.612553775720448,35.47140343628018,822.4098593599228,691.08,28.153161583923406,15.935,2.2779166666666666,1.0,1.0,1.0,1.0,1,1,Moderate,1.0,High,Elevated smoke conditions are possible; review outdoor plans and official NT EPA information.,Research decision-support prototype only; not an official NT EPA warning or medical advice.
2024-07-01,2024-07-02,Stokes Hill,0.4022657637318376,0,12.11826255842312,2.584703780001937,41.7969638691339,1860.8081598925603,1827.49,17.894835412821436,12.584166666666668,2.598333333333333,1.0,1.0,1.0,1.0,1,1,Moderate,1.0,High,Some smoke impact is possible; monitor updated conditions and official information.,Research decision-support prototype only; not an official NT EPA warning or medical advice.
2024-07-02,2024-07-03,Stokes Hill,0.4618339343901393,0,12.8958460086173,2.7248245692659747,96.20408910909948,5067.05925809251,3299.7300000000005,17.894835412821436,12.61375,2.828333333333333,1.0,1.0,1.0,1.0,1,1,Moderate,1.0,High,Some smoke impact is possible; monitor updated conditions and official information.,Research decision-support prototype only; not an official NT EPA warning or medical advice.
2024-07-03,2024-07-04,Stokes Hill,0.3719909857155183,0,14.256554314914332,3.380241283077155,117.18248758985668,14092.775397040135,3638.06,20.86527645776932,8.855416666666667,2.8041666666666667,1.0,1.0,1.0,1.0,1,1,Moderate,1.0,High,Some smoke impact is possible; monitor updated conditions and official information.,Research decision-support prototype only; not an official NT EPA warning or medical advice.
2024-07-08,2024-07-09,Stokes Hill,0.2470554860207771,0,9.01234329997778,2.219101820226075,0.0,0.0,0.0,,,,0.5416666666666666,0.5416666666666666,0.5416666666666666,0.5416666666666666,1,1,Minimal,0.6944444444444443,Limited,Some smoke impact is possible; monitor updated conditions and official information.,Research decision-support prototype only; not an official NT EPA warning or medical advice.
2024-07-09,2024-07-10,Stokes Hill,0.2837036460412587,0,10.650589406893223,2.160263023545009,91.25087413854725,7660.113250458418,6243.889999999999,16.57604638899514,11.934166666666668,2.1975,1.0,1.0,1.0,1.0,1,1,Moderate,1.0,High,Some smoke impact is possible; monitor updated conditions and official information.,Research decision-support prototype only; not an official NT EPA warning or medical advice.
2024-07-17,2024-07-18,Stokes Hill,0.945002639483886,1,39.44299149231416,2.040774194956533,,,,,14.49875,3.58375,1.0,1.0,1.0,1.0,1,0,Unknown,0.8333333333333334,Moderate,Elevated smoke conditions are possible; review outdoor plans and official NT EPA information.,Research decision-support prototype only; not an official NT EPA warning or medical advice.
2024-07-18,2024-07-19,Stokes Hill,0.9476852055161182,1,23.558727586989647,8.578038891517364,255.37941244594845,20805.276693205986,6264.619999999999,27.34280425835638,28.5275,2.9566666666666666,1.0,1.0,1.0,1.0,1,1,High,1.0,High,Elevated smoke conditions are possible; review outdoor plans and official NT EPA information.,Research decision-support prototype only; not an official NT EPA warning or medical advice.
2024-07-19,2024-07-20,Stokes Hill,0.9465347437128172,1,22.68255138552786,8.352873515509652,192.52125354337664,20577.290723499613,17293.050000000003,10.14091023809726,28.874166666666667,2.6704166666666667,1.0,1.0,1.0,1.0,1,1,High,1.0,High,Elevated smoke conditions are possible; review outdoor plans and official NT EPA information.,Research decision-support prototype only; not an official NT EPA warning or medical advice.
2024-07-20,2024-07-21,Stokes Hill,0.4841300516862775,0,17.30580245543005,2.676520846240704,58.027920453301576,2730.298479082122,2303.82,14.192828364992115,17.0,2.0204166666666667,1.0,1.0,1.0,1.0,1,1,Moderate,1.0,High,Some smoke impact is possible; monitor updated conditions and official information.,Research decision-support prototype only; not an official NT EPA warning or medical advice.
2024-07-21,2024-07-22,Stokes Hill,0.7148938517167811,0,17.633684518414057,4.139837986589149,189.3062468585649,8250.114584434079,5043.83,20.22798005321989,17.605416666666667,2.55875,1.0,1.0,1.0,1.0,1,1,High,1.0,High,Elevated smoke conditions are possible; review outdoor plans and official NT EPA information.,Research decision-support prototype only; not an official NT EPA warning or medical advice.
2024-07-23,2024-07-24,Stokes Hill,0.4568941059062699,0,16.679482893319552,3.479304171928848,245.38435876208507,16392.078025487128,11744.440000000002,23.48146179056103,17.60142857142857,1.6904545454545454,0.875,0.9166666666666666,0.9166666666666666,0.9166666666666666,1,1,High,0.9375,High,Some smoke impact is possible; monitor updated conditions and official information.,Research decision-support prototype only; not an official NT EPA warning or medical advice.
2024-07-24,2024-07-25,Stokes Hill,0.7860766174591606,0,19.330981996958137,3.765016726407518,121.86132072500548,13294.350771440611,9076.26,22.93316794227062,25.25208333333333,1.4608333333333334,1.0,1.0,1.0,1.0,1,1,Moderate,1.0,High,Elevated smoke conditions are possible; review outdoor plans and official NT EPA information.,Research decision-support prototype only; not an official NT EPA warning or medical advice.
2024-07-30,2024-07-31,Stokes Hill,0.5726461165894196,0,17.759325668203672,0.7068470286346579,,,,,15.5425,2.61,1.0,1.0,1.0,1.0,1,0,Unknown,0.8333333333333334,Moderate,Elevated smoke conditions are possible; review outdoor plans and official NT EPA information.,Research decision-support prototype only; not an official NT EPA warning or medical advice.
2024-07-31,2024-08-01,Stokes Hill,0.395109457884975,0,13.36475249464299,2.68206050890914,81.7779557161906,8995.338759316834,8711.199999999999,32.59227977578391,10.322083333333332,2.1791666666666667,1.0,1.0,1.0,1.0,1,1,Moderate,1.0,High,Some smoke impact is possible; monitor updated conditions and official information.,Research decision-support prototype only; not an official NT EPA warning or medical advice.
2024-08-01,2024-08-02,Stokes Hill,0.3356854114377709,0,11.720968411517951,2.175656309161431,47.982280294118894,7659.922406202003,7502.25,32.59227977578391,11.523333333333332,1.9341666666666668,1.0,1.0,1.0,1.0,1,1,Moderate,1.0,High,Some smoke impact is possible; monitor updated conditions and official information.,Research decision-support prototype only; not an official NT EPA warning or medical advice.
2024-08-02,2024-08-03,Stokes Hill,0.3781908752615452,0,12.615697974627572,2.2022563815080343,43.8513946365799,6027.859724828397,5455.6900000000005,35.26078835492363,13.395833333333334,2.23375,1.0,1.0,1.0,1.0,1,1,Moderate,1.0,High,Some smoke impact is possible; monitor updated conditions and official information.,Research decision-support prototype only; not an official NT EPA warning or medical advice.
2024-08-03,2024-08-04,Stokes Hill,0.2336773518069804,0,11.040072706787946,1.749618655576688,40.64413690217522,4724.579167148043,4535.08,30.444511318157307,9.993333333333334,1.9366666666666663,1.0,1.0,1.0,1.0,1,1,Moderate,1.0,High,Some smoke impact is possible; monitor updated conditions and official information.,Research decision-support prototype only; not an official NT EPA warning or medical advice.
2024-08-04,2024-08-05,Stokes Hill,0.264638428974018,0,10.58763518462438,1.4826402052552317,49.8961035313916,3838.6972095740143,3394.55,24.83835890140364,9.373333333333331,2.0404166666666668,1.0,1.0,1.0,1.0,1,1,Moderate,1.0,High,Some smoke impact is possible; monitor updated conditions and official information.,Research decision-support prototype only; not an official NT EPA warning or medical advice.
2024-08-05,2024-08-06,Stokes Hill,0.2337800441238415,0,9.754388001006312,1.5644622963558026,47.32056265217662,2962.6290093626703,3072.29,29.063550709257925,8.947916666666666,2.025,1.0,1.0,1.0,1.0,1,1,Moderate,1.0,High,Some smoke impact is possible; monitor updated conditions and official information.,Research decision-support prototype only; not an official NT EPA warning or medical advice.
2024-08-06,2024-08-07,Stokes Hill,0.4706851889238625,0,13.373829581170924,2.635613508452173,119.03550923120366,5725.358606168342,5708.969999999999,9.323437293732152,12.527083333333332,1.924583333333333,1.0,1.0,1.0,1.0,1,1,Moderate,1.0,High,Some smoke impact is possible; monitor updated conditions and official information.,Research decision-support prototype only; not an official NT EPA warning or medical advice.
2024-08-07,2024-08-08,Stokes Hill,0.4753428631516805,0,14.969867565500405,1.8865595268761708,101.35110556981824,7728.328011555002,4412.9800000000005,100.99966584062808,15.612083333333333,2.08875,1.0,1.0,1.0,1.0,1,1,Moderate,1.0,High,Some smoke impact is possible; monitor updated conditions and official information.,Research decision-support prototype only; not an official NT EPA warning or medical advice.
2024-08-08,2024-08-09,Stokes Hill,0.5758134745277661,0,17.685471232957735,2.7615339295703394,56.42937183850804,7370.987545714948,3868.53,33.79601704873207,19.53833333333333,1.596666666666667,1.0,1.0,1.0,1.0,1,1,Moderate,1.0,High,Elevated smoke conditions are possible; review outdoor plans and official NT EPA information.,Research decision-support prototype only; not an official NT EPA warning or medical advice.
2024-08-09,2024-08-10,Stokes Hill,0.6716418402670676,0,17.85575965371261,3.328659878507896,73.77067580269457,7844.334922726636,2335.05,33.79601704873207,13.9675,2.228333333333333,1.0,1.0,1.0,1.0,1,1,Moderate,1.0,High,Elevated smoke conditions are possible; review outdoor plans and official NT EPA information.,Research decision-support prototype only; not an official NT EPA warning or medical advice.
2024-08-10,2024-08-11,Stokes Hill,0.792865183722991,0,18.736424317511357,3.4963385743919826,63.58364646622231,7639.98476437302,7164.75,49.45488204431275,27.855833333333333,1.6125,1.0,1.0,1.0,1.0,1,1,Moderate,1.0,High,Elevated smoke conditions are possible; review outdoor plans and official NT EPA information.,Research decision-support prototype only; not an official NT EPA warning or medical advice.
2024-08-11,2024-08-12,Stokes Hill,0.6478380521945624,0,19.588717523689063,3.3114259216931474,87.50233012929472,7049.952959287172,6856.97,9.281220757951935,22.365,1.5133333333333334,1.0,1.0,1.0,1.0,1,1,Moderate,1.0,High,Elevated smoke conditions are possible; review outdoor plans and official NT EPA information.,Research decision-support prototype only; not an official NT EPA warning or medical advice.
2024-08-12,2024-08-13,Stokes Hill,0.2600822101470487,0,14.206473641282026,1.8798628941082252,61.19984447081626,5902.004829096279,5046.91,23.666836163883215,12.939583333333331,1.51,1.0,1.0,1.0,1.0,1,1,Moderate,1.0,High,Some smoke impact is possible; monitor updated conditions and official information.,Research decision-support prototype only; not an official NT EPA warning or medical advice.
2024-08-13,2024-08-14,Stokes Hill,0.4147283100217285,0,15.990957909692836,1.8962711818476168,43.27003702790592,3648.973455398296,2297.8900000000003,14.59793406893721,17.0325,1.8966666666666665,1.0,1.0,1.0,1.0,1,1,Moderate,1.0,High,Some smoke impact is possible; monitor updated conditions and official information.,Research decision-support prototype only; not an official NT EPA warning or medical advice.
2024-08-14,2024-08-15,Stokes Hill,0.3619928982676093,0,15.448505499686355,1.7650747551353858,42.28381010228725,2424.685159614792,1167.6,38.199137294391925,15.8225,1.2725,1.0,1.0,1.0,1.0,1,1,Moderate,1.0,High,Some smoke impact is possible; monitor updated conditions and official information.,Research decision-support prototype only; not an official NT EPA warning or medical advice.
2024-08-15,2024-08-16,Stokes Hill,0.240062502647775,0,12.589109925894508,1.287048281045018,9.225312155032798,1478.0535256089734,248.41000000000005,86.09100918614637,12.642083333333334,1.86375,1.0,1.0,1.0,1.0,1,1,Low,1.0,High,Some smoke impact is possible; monitor updated conditions and official information.,Research decision-support prototype only; not an official NT EPA warning or medical advice.
2024-08-16,2024-08-17,Stokes Hill,0.846493478858221,0,23.869235044448207,3.427200772472568,19.32974854851348,5049.908519548441,560.8399999999999,38.80884753266095,18.4475,1.7604166666666667,1.0,1.0,1.0,1.0,1,1,Low,1.0,High,Elevated smoke conditions are possible; review outdoor plans and official NT EPA information.,Research decision-support prototype only; not an official NT EPA warning or medical advice.
2024-08-17,2024-08-18,Stokes Hill,0.4094005575662917,0,15.8571197135642,1.7884383071178092,17.832117747176568,3732.735991836095,392.37,172.26598555911133,17.457083333333333,1.3954166666666667,1.0,1.0,1.0,1.0,1,1,Low,1.0,High,Some smoke impact is possible; monitor updated conditions and official information.,Research decision-support prototype only; not an official NT EPA warning or medical advice.
2024-08-18,2024-08-19,Stokes Hill,0.3473919168234009,0,14.519900622225736,1.605904113718152,21.54713581197743,2592.366629822575,723.9000000000001,38.33439627419194,14.979166666666666,1.8591666666666664,1.0,1.0,1.0,1.0,1,1,Low,1.0,High,Some smoke impact is possible; monitor updated conditions and official information.,Research decision-support prototype only; not an official NT EPA warning or medical advice.
2024-08-19,2024-08-20,Stokes Hill,0.2469310453050916,0,12.134382010449938,1.6182164690120442,34.23556711345446,5467.670787136353,1955.73,6.651211236763252,11.463333333333331,1.8425,1.0,1.0,1.0,1.0,1,1,Moderate,1.0,High,Some smoke impact is possible; monitor updated conditions and official information.,Research decision-support prototype only; not an official NT EPA warning or medical advice.
2024-08-20,2024-08-21,Stokes Hill,0.2671278902885223,0,10.630284400010831,1.6634305623736003,40.86479580741393,7940.646188892721,5826.67,16.30496995477532,9.952916666666669,1.97875,1.0,1.0,1.0,1.0,1,1,Moderate,1.0,High,Some smoke impact is possible; monitor updated conditions and official information.,Research decision-support prototype only; not an official NT EPA warning or medical advice.
2024-08-21,2024-08-22,Stokes Hill,0.4067974167156164,0,15.421566226077944,1.309870137497934,4.798118733070142,785.19458430531,448.4,167.7130889643537,14.698333333333332,1.7699999999999998,1.0,1.0,1.0,1.0,1,1,Low,1.0,High,Some smoke impact is possible; monitor updated conditions and official information.,Research decision-support prototype only; not an official NT EPA warning or medical advice.
2024-08-22,2024-08-23,Stokes Hill,0.0769999299903424,0,9.74042185436442,0.6404965476805597,1.5774146594928848,108.58363043405168,36.89,85.22361849312675,10.184166666666666,1.46125,1.0,1.0,1.0,1.0,1,1,Low,1.0,High,Lower predicted next-day smoke concern; continue checking official air-quality information.,Research decision-support prototype only; not an official NT EPA warning or medical advice.
2024-08-23,2024-08-24,Stokes Hill,0.1447537097058626,0,10.545761426877997,0.9275472238609632,7.967034420829885,1189.8181190064413,781.9000000000001,154.541202268737,10.844166666666666,2.0729166666666665,1.0,1.0,1.0,1.0,1,1,Low,1.0,High,Lower predicted next-day smoke concern; continue checking official air-quality information.,Research decision-support prototype only; not an official NT EPA warning or medical advice.
2024-08-24,2024-08-25,Stokes Hill,0.0849257588071936,0,7.954109712105498,0.8605041439017972,66.06540556386075,2993.017939358817,3116.32,54.22281024985403,7.154583333333334,1.8083333333333331,1.0,1.0,1.0,1.0,1,1,Moderate,1.0,High,Lower predicted next-day smoke concern; continue checking official air-quality information.,Research decision-support prototype only; not an official NT EPA warning or medical advice.
2024-08-25,2024-08-26,Stokes Hill,0.0747818632010289,0,8.486129246651561,0.6778653294188701,8.661948007659479,420.45090427904734,22.24,15.398142382371985,8.91625,1.4974999999999998,1.0,1.0,1.0,1.0,1,1,Low,1.0,High,Lower predicted next-day smoke concern; continue checking official air-quality information.,Research decision-support prototype only; not an official NT EPA warning or medical advice.
2024-08-26,2024-08-27,Stokes Hill,0.4598095670243164,0,15.280584290750092,2.262757523964693,84.03610745930604,3988.112915055719,4167.9,32.749714837336285,12.095416666666669,1.8079166666666664,1.0,1.0,1.0,1.0,1,1,Moderate,1.0,High,Some smoke impact is possible; monitor updated conditions and official information.,Research decision-support prototype only; not an official NT EPA warning or medical advice.
2024-08-27,2024-08-28,Stokes Hill,0.5917324991732354,0,16.460371690974902,2.583837380699665,81.4836102346545,5562.643841215255,4420.81,32.749714837336285,21.68166666666667,1.8320833333333333,1.0,1.0,1.0,1.0,1,1,Moderate,1.0,High,Elevated smoke conditions are possible; review outdoor plans and official NT EPA information.,Research decision-support prototype only; not an official NT EPA warning or medical advice.
2024-08-30,2024-08-31,Stokes Hill,0.1106874264447188,0,8.554116465326066,0.9663327485067726,19.9164501210256,854.9019604507006,312.08000000000004,35.934900275132456,7.803478260869565,1.5983333333333334,0.9583333333333334,1.0,1.0,1.0,1,1,Low,0.9930555555555557,High,Lower predicted next-day smoke concern; continue checking official air-quality information.,Research decision-support prototype only; not an official NT EPA warning or medical advice.
2024-08-31,2024-09-01,Stokes Hill,0.0837731269812054,0,8.190294078285865,0.8238072440677315,12.09402853897138,702.1721574139276,398.93,35.934900275132456,8.24625,1.4662499999999998,1.0,1.0,1.0,1.0,1,1,Low,1.0,High,Lower predicted next-day smoke concern; continue checking official air-quality information.,Research decision-support prototype only; not an official NT EPA warning or medical advice.
2024-09-01,2024-09-02,Stokes Hill,0.1301708857985489,0,9.669278028305824,0.8636573558364383,25.55955437305854,702.8822547755212,414.03,28.50505050348004,7.77875,2.56875,1.0,1.0,1.0,1.0,1,1,Low,1.0,High,Lower predicted next-day smoke concern; continue checking official air-quality information.,Research decision-support prototype only; not an official NT EPA warning or medical advice.
2024-09-06,2024-09-07,Stokes Hill,0.1202730378723246,0,7.749377007459066,0.861167480146535,34.50112842120172,1779.4051423823744,1843.72,10.804314438791597,8.979565217391304,3.08625,0.9583333333333334,1.0,1.0,1.0,1,1,Moderate,0.9930555555555557,High,Lower predicted next-day smoke concern; continue checking official air-quality information.,Research decision-support prototype only; not an official NT EPA warning or medical advice.
2024-09-07,2024-09-08,Stokes Hill,0.1011472605797787,0,8.69085764040586,0.9910478460265348,67.5229338647612,2680.057132715712,2357.1800000000003,35.84863011680721,7.567916666666666,2.74,1.0,1.0,1.0,1.0,1,1,Moderate,1.0,High,Lower predicted next-day smoke concern; continue checking official air-quality information.,Research decision-support prototype only; not an official NT EPA warning or medical advice.
2024-09-08,2024-09-09,Stokes Hill,0.7505150316006676,0,16.904506717810886,2.589181438783854,103.5686745878717,4765.438603549707,2125.14,15.946574149147889,21.74708333333333,2.2566666666666664,1.0,1.0,1.0,1.0,1,1,Moderate,1.0,High,Elevated smoke conditions are possible; review outdoor plans and official NT EPA information.,Research decision-support prototype only; not an official NT EPA warning or medical advice.
2024-09-09,2024-09-10,Stokes Hill,0.2673780799688848,0,16.51404488298568,1.897221401518027,116.92894338831054,7946.969673391577,3267.49,15.946574149147889,8.012500000000001,2.095833333333333,1.0,1.0,1.0,1.0,1,1,Moderate,1.0,High,Some smoke impact is possible; monitor updated conditions and official information.,Research decision-support prototype only; not an official NT EPA warning or medical advice.
2024-09-10,2024-09-11,Stokes Hill,0.1798667099308002,0,11.494298087421496,1.1375419177654744,102.57240733477408,6204.045154839789,3752.45,11.439199212343368,9.034583333333334,2.029583333333333,1.0,1.0,1.0,1.0,1,1,Moderate,1.0,High,Some smoke impact is possible; monitor updated conditions and official information.,Research decision-support prototype only; not an official NT EPA warning or medical advice.
2024-09-11,2024-09-12,Stokes Hill,0.1989932764086084,0,11.479363497225044,1.1456089863103192,27.24569272452493,1945.008588990187,604.03,16.958673570352154,11.70875,1.6729166666666666,1.0,1.0,1.0,1.0,1,1,Moderate,1.0,High,Some smoke impact is possible; monitor updated conditions and official information.,Research decision-support prototype only; not an official NT EPA warning or medical advice.
2024-09-13,2024-09-14,Stokes Hill,0.2716230946466084,0,12.22920408116144,1.5119425652623733,194.73600691644293,32517.944931200924,30534.01,29.238155628763973,9.613043478260868,1.7866666666666668,0.9583333333333334,1.0,1.0,1.0,1,1,High,0.9930555555555557,High,Some smoke impact is possible; monitor updated conditions and official information.,Research decision-support prototype only; not an official NT EPA warning or medical advice.
2024-09-14,2024-09-15,Stokes Hill,0.459848798777864,0,14.158449230941349,1.7797100119378368,221.6270346593987,23404.44583404337,22794.28,43.93253664909925,16.87,1.9733333333333332,1.0,1.0,1.0,1.0,1,1,High,1.0,High,Some smoke impact is possible; monitor updated conditions and official information.,Research decision-support prototype only; not an official NT EPA warning or medical advice.
2024-09-15,2024-09-16,Stokes Hill,0.1898214248174985,0,13.508884132880992,1.0398274822077551,99.97054372532992,3339.953792216571,2995.12,73.15008331612715,15.3775,1.63875,1.0,1.0,1.0,1.0,1,1,Moderate,1.0,High,Some smoke impact is possible; monitor updated conditions and official information.,Research decision-support prototype only; not an official NT EPA warning or medical advice.
2024-09-19,2024-09-20,Stokes Hill,0.0310477303536192,0,4.092004571962318,0.3870812950366477,5.380624846591932,184.33843334102212,127.26,127.53520716053671,4.140434782608696,3.2025,0.9583333333333334,1.0,1.0,1.0,1,1,Low,0.9930555555555557,High,Lower predicted next-day smoke concern; continue checking official air-quality information.,Research decision-support prototype only; not an official NT EPA warning or medical advice.
2024-09-21,2024-09-22,Stokes Hill,0.0238482062698151,0,4.175298308665974,0.2370288734368939,7.804300585562734,564.2733948786517,530.08,194.01053722496525,3.252608695652174,2.2779166666666666,0.9583333333333334,1.0,1.0,1.0,1,1,Low,0.9930555555555557,High,Lower predicted next-day smoke concern; continue checking official air-quality information.,Research decision-support prototype only; not an official NT EPA warning or medical advice.
2024-09-22,2024-09-23,Stokes Hill,0.0764374069549187,0,6.1735902943429855,0.6916586721888637,31.30317655915114,3600.6892487875266,3428.77,125.55280663173504,4.189583333333333,2.2470833333333333,1.0,1.0,1.0,1.0,1,1,Moderate,1.0,High,Lower predicted next-day smoke concern; continue checking official air-quality information.,Research decision-support prototype only; not an official NT EPA warning or medical advice.
2024-09-23,2024-09-24,Stokes Hill,0.0745996244982981,0,6.9390159597076,0.5684135827338251,28.34434739521971,2971.489852148815,2585.5800000000004,79.28045255935126,8.085833333333333,2.183333333333333,1.0,1.0,1.0,1.0,1,1,Moderate,1.0,High,Lower predicted next-day smoke concern; continue checking official air-quality information.,Research decision-support prototype only; not an official NT EPA warning or medical advice.
2024-09-25,2024-09-26,Stokes Hill,0.0567662059869953,0,6.198889191147198,0.6281660980546341,48.31439216918405,2269.8273670029494,922.37,29.59967663098661,7.008260869565217,2.2216666666666667,0.9583333333333334,1.0,1.0,1.0,1,1,Moderate,0.9930555555555557,High,Lower predicted next-day smoke concern; continue checking official air-quality information.,Research decision-support prototype only; not an official NT EPA warning or medical advice.
2024-09-29,2024-09-30,Stokes Hill,0.1250387551431509,0,16.199317881822,0.1872641500474895,,,,,10.3175,1.4020833333333331,1.0,1.0,1.0,1.0,1,0,Unknown,0.8333333333333334,Moderate,Lower predicted next-day smoke concern; continue checking official air-quality information.,Research decision-support prototype only; not an official NT EPA warning or medical advice.
2024-09-30,2024-10-01,Stokes Hill,0.2143325657702602,0,11.691195041090817,1.13678261885718,29.57273813439662,2489.4555045312154,870.42,93.1374517694932,11.63625,2.1391666666666667,1.0,1.0,1.0,1.0,1,1,Moderate,1.0,High,Some smoke impact is possible; monitor updated conditions and official information.,Research decision-support prototype only; not an official NT EPA warning or medical advice.
2024-10-01,2024-10-02,Stokes Hill,0.1950989560683537,0,13.237829986178037,0.957397672365159,74.35842409448722,16300.482620320849,11195.080000000002,87.5666239477409,14.959166666666668,1.7975,1.0,1.0,1.0,1.0,1,1,Moderate,1.0,High,Lower predicted next-day smoke concern; continue checking official air-quality information.,Research decision-support prototype only; not an official NT EPA warning or medical advice.
2024-10-02,2024-10-03,Stokes Hill,0.1967431729673505,0,13.360512213406682,0.8377800862074686,22.13718561426576,2148.1558625097696,1233.81,106.46130658027865,12.95125,2.194166666666667,1.0,1.0,1.0,1.0,1,1,Low,1.0,High,Lower predicted next-day smoke concern; continue checking official air-quality information.,Research decision-support prototype only; not an official NT EPA warning or medical advice.
2024-10-03,2024-10-04,Stokes Hill,0.0800585990873053,0,9.746538564084156,0.54802927616508,40.17186740308868,2524.88920553075,536.71,202.0902725514324,9.829166666666667,1.5979166666666669,1.0,1.0,1.0,1.0,1,1,Moderate,1.0,High,Lower predicted next-day smoke concern; continue checking official air-quality information.,Research decision-support prototype only; not an official NT EPA warning or medical advice.
2024-10-04,2024-10-05,Stokes Hill,0.133679634615617,0,10.03899626871406,0.708708537049373,105.79934592776144,6048.299255032442,1670.64,107.39139444311832,11.330416666666666,2.122916666666667,1.0,1.0,1.0,1.0,1,1,Moderate,1.0,High,Lower predicted next-day smoke concern; continue checking official air-quality information.,Research decision-support prototype only; not an official NT EPA warning or medical advice.
2024-10-05,2024-10-06,Stokes Hill,0.1296441742454369,0,11.256432871151889,0.6376354432280985,36.93389570281828,2719.762049323861,145.2,114.41080744795408,11.437916666666666,2.0458333333333334,1.0,1.0,1.0,1.0,1,1,Moderate,1.0,High,Lower predicted next-day smoke concern; continue checking official air-quality information.,Research decision-support prototype only; not an official NT EPA warning or medical advice.
2024-10-07,2024-10-08,Stokes Hill,0.1895888393446924,0,12.060567379489513,0.8706748791277816,41.9102728306423,3706.6833149906206,1166.16,69.37288359337852,10.965714285714286,2.145,0.875,0.875,1.0,1.0,1,1,Moderate,0.9583333333333334,High,Lower predicted next-day smoke concern; continue checking official air-quality information.,Research decision-support prototype only; not an official NT EPA warning or medical advice.
2024-10-08,2024-10-09,Stokes Hill,0.0572243709890248,0,9.079629978819083,0.4721536799860815,71.99363756070395,1358.5879047826163,1389.32,65.69879557129958,9.485833333333334,1.6929166666666668,1.0,1.0,1.0,1.0,1,1,Moderate,1.0,High,Lower predicted next-day smoke concern; continue checking official air-quality information.,Research decision-support prototype only; not an official NT EPA warning or medical advice.
2024-10-09,2024-10-10,Stokes Hill,0.0832932116908277,0,9.945751083943716,0.5816031781769501,76.94800883209825,3041.070668519628,3289.22,65.69879557129958,9.997083333333334,1.5041666666666669,1.0,1.0,1.0,1.0,1,1,Moderate,1.0,High,Lower predicted next-day smoke concern; continue checking official air-quality information.,Research decision-support prototype only; not an official NT EPA warning or medical advice.
2024-10-10,2024-10-11,Stokes Hill,0.112791466264499,0,10.960862178092778,0.642097381615942,58.0766232146189,2836.6953237509847,2848.64,66.18507083928152,11.500833333333333,1.7420833333333334,1.0,1.0,1.0,1.0,1,1,Moderate,1.0,High,Lower predicted next-day smoke concern; continue checking official air-quality information.,Research decision-support prototype only; not an official NT EPA warning or medical advice.
2024-10-11,2024-10-12,Stokes Hill,0.187700292649618,0,14.2513980990481,0.7216877595825069,43.37268754413531,1587.1422986382397,1571.06,77.86305466934327,15.930416666666666,1.845,1.0,1.0,1.0,1.0,1,1,Moderate,1.0,High,Lower predicted next-day smoke concern; continue checking official air-quality information.,Research decision-support prototype only; not an official NT EPA warning or medical advice.
2024-10-12,2024-10-13,Stokes Hill,0.177477433983107,0,14.542660756394524,0.7827460348955291,36.70943115922165,2100.9013073130554,1201.66,77.73546681934087,17.96625,2.0308333333333333,1.0,1.0,1.0,1.0,1,1,Moderate,1.0,High,Lower predicted next-day smoke concern; continue checking official air-quality information.,Research decision-support prototype only; not an official NT EPA warning or medical advice.
2024-10-13,2024-10-14,Stokes Hill,0.07997951115409,0,10.818462951563246,0.5113546282164216,23.54015411491998,1752.499646403644,169.55,77.73546681934087,9.565416666666666,1.9283333333333332,1.0,1.0,1.0,1.0,1,1,Low,1.0,High,Lower predicted next-day smoke concern; continue checking official air-quality information.,Research decision-support prototype only; not an official NT EPA warning or medical advice.
2024-10-14,2024-10-15,Stokes Hill,0.1329449928921011,0,11.001547139594813,0.5454717289041148,16.885033130695277,907.3028517111006,262.78,78.67648021333355,12.13125,2.16375,1.0,1.0,1.0,1.0,1,1,Low,1.0,High,Lower predicted next-day smoke concern; continue checking official air-quality information.,Research decision-support prototype only; not an official NT EPA warning or medical advice.
2024-10-15,2024-10-16,Stokes Hill,0.0686281968007424,0,10.023955300728286,0.5038127305153542,18.23350122783834,638.8391606057596,414.31,103.79377653339644,10.359166666666669,1.6158333333333337,1.0,1.0,1.0,1.0,1,1,Low,1.0,High,Lower predicted next-day smoke concern; continue checking official air-quality information.,Research decision-support prototype only; not an official NT EPA warning or medical advice.
2024-10-16,2024-10-17,Stokes Hill,0.053393512563689,0,9.594165121638234,0.3328267150964066,12.692278987333513,439.78084828661656,441.29,103.07584528064224,12.15,1.2991666666666666,1.0,1.0,1.0,1.0,1,1,Low,1.0,High,Lower predicted next-day smoke concern; continue checking official air-quality information.,Research decision-support prototype only; not an official NT EPA warning or medical advice.
2024-10-17,2024-10-18,Stokes Hill,0.0692424144344565,0,10.139782456671036,0.4306617440737822,23.089917046315808,646.7429561782731,673.26,72.47948315857847,9.33125,1.93,1.0,1.0,1.0,1.0,1,1,Low,1.0,High,Lower predicted next-day smoke concern; continue checking official air-quality information.,Research decision-support prototype only; not an official NT EPA warning or medical advice.
2024-10-18,2024-10-19,Stokes Hill,0.0469238068421442,0,7.417771997065617,0.4320735647048405,23.725561032129555,742.711516395238,807.57,72.47948315857847,7.452916666666667,1.4925,1.0,1.0,1.0,1.0,1,1,Low,1.0,High,Lower predicted next-day smoke concern; continue checking official air-quality information.,Research decision-support prototype only; not an official NT EPA warning or medical advice.
2024-10-19,2024-10-20,Stokes Hill,0.0692426791795353,0,8.428284686257292,0.4075073778726992,10.605960704785904,339.97289976902965,309.85,73.7885148423697,8.31,1.9266666666666667,1.0,1.0,1.0,1.0,1,1,Low,1.0,High,Lower predicted next-day smoke concern; continue checking official air-quality information.,Research decision-support prototype only; not an official NT EPA warning or medical advice.
2024-10-21,2024-10-22,Stokes Hill,0.0407995025968355,0,6.743887532594665,0.3048542251057118,3.4794997967794505,3543.0090469070105,2300.8900000000003,368.79426129218206,4.833478260869565,1.9308333333333332,0.9583333333333334,1.0,1.0,1.0,1,1,Low,0.9930555555555557,High,Lower predicted next-day smoke concern; continue checking official air-quality information.,Research decision-support prototype only; not an official NT EPA warning or medical advice.
2024-10-22,2024-10-23,Stokes Hill,0.0288453139069077,0,5.636897301522072,0.3073785206672939,7.0834419542596665,919.822000037608,200.88,103.00693905172356,6.118333333333333,1.4254166666666668,1.0,1.0,1.0,1.0,1,1,Low,1.0,High,Lower predicted next-day smoke concern; continue checking official air-quality information.,Research decision-support prototype only; not an official NT EPA warning or medical advice.
2024-10-23,2024-10-24,Stokes Hill,0.0318982995438495,0,6.239232784587706,0.273286625762526,4.700610130589705,149.20332892625666,129.92000000000002,124.5234731262641,6.560833333333334,1.8545833333333333,1.0,1.0,1.0,1.0,1,1,Low,1.0,High,Lower predicted next-day smoke concern; continue checking official air-quality information.,Research decision-support prototype only; not an official NT EPA warning or medical advice.
2024-10-24,2024-10-25,Stokes Hill,0.0588597155732109,0,8.265509326157094,0.406241397834752,5.949020847999233,584.7339212498854,70.13,124.5234731262641,8.321250000000001,1.8241666666666667,1.0,1.0,1.0,1.0,1,1,Low,1.0,High,Lower predicted next-day smoke concern; continue checking official air-quality information.,Research decision-support prototype only; not an official NT EPA warning or medical advice.
2024-10-25,2024-10-26,Stokes Hill,0.0310367118705065,0,6.671600845626795,0.3359513360187744,0.7465089301363328,20.108739169626705,21.79,124.7870149561792,7.492916666666667,1.4083333333333332,1.0,1.0,1.0,1.0,1,1,Low,1.0,High,Lower predicted next-day smoke concern; continue checking official air-quality information.,Research decision-support prototype only; not an official NT EPA warning or medical advice.
2024-10-26,2024-10-27,Stokes Hill,0.0499427395085379,0,9.09531463381843,0.3341846344017112,4.018304993598935,897.162165741126,15.78,124.30316523429184,10.7925,1.7445833333333332,1.0,1.0,1.0,1.0,1,1,Low,1.0,High,Lower predicted next-day smoke concern; continue checking official air-quality information.,Research decision-support prototype only; not an official NT EPA warning or medical advice.
2024-10-27,2024-10-28,Stokes Hill,0.034036521173337,0,7.863292557381316,0.2706073240140647,0.4747295799993785,126.62404813778012,3.13,124.30316523429184,7.499166666666666,2.0883333333333334,1.0,1.0,1.0,1.0,1,1,Low,1.0,High,Lower predicted next-day smoke concern; continue checking official air-quality information.,Research decision-support prototype only; not an official NT EPA warning or medical advice.
2024-10-28,2024-10-29,Stokes Hill,0.0621696744895661,0,8.084302984420962,0.3964248634960196,3.4084049604329274,1968.9588594162344,90.73,127.09306502843695,7.85625,1.7820833333333337,1.0,1.0,1.0,1.0,1,1,Low,1.0,High,Lower predicted next-day smoke concern; continue checking official air-quality information.,Research decision-support prototype only; not an official NT EPA warning or medical advice.
2024-10-31,2024-11-01,Stokes Hill,0.0416217058090542,0,4.980738941474043,0.2032129814399118,5.791664340086395,4114.285543375207,2675.23,97.13364282162144,4.868947368421053,2.3270833333333334,0.7916666666666666,1.0,1.0,1.0,1,1,Low,0.9652777777777777,High,Lower predicted next-day smoke concern; continue checking official air-quality information.,Research decision-support prototype only; not an official NT EPA warning or medical advice.
2024-11-02,2024-11-03,Stokes Hill,0.0084739900323749,0,4.772561734552564,0.1777500756816981,0.1335675940826647,332.7185131244361,0.0,,4.593913043478261,1.5583333333333331,0.9583333333333334,1.0,1.0,1.0,1,1,Low,0.9930555555555557,High,Lower predicted next-day smoke concern; continue checking official air-quality information.,Research decision-support prototype only; not an official NT EPA warning or medical advice.
2024-11-07,2024-11-08,Stokes Hill,0.0169194381301967,0,11.928804509745564,0.0723297865782818,,,,,4.587083333333333,1.76375,1.0,1.0,1.0,1.0,1,0,Unknown,0.8333333333333334,Moderate,Lower predicted next-day smoke concern; continue checking official air-quality information.,Research decision-support prototype only; not an official NT EPA warning or medical advice.
2024-11-08,2024-11-09,Stokes Hill,0.0119279910901908,0,5.879188531994529,0.1835978119537157,0.264424726457913,15.76398458634478,0.0,,6.81,1.98,1.0,1.0,1.0,1.0,1,1,Low,1.0,High,Lower predicted next-day smoke concern; continue checking official air-quality information.,Research decision-support prototype only; not an official NT EPA warning or medical advice.
2024-11-09,2024-11-10,Stokes Hill,0.0237438528258918,0,9.216160404821537,0.2453768917151264,0.1417232062109021,15.305883605078582,0.0,,7.365833333333334,2.3383333333333334,1.0,1.0,1.0,1.0,1,1,Low,1.0,High,Lower predicted next-day smoke concern; continue checking official air-quality information.,Research decision-support prototype only; not an official NT EPA warning or medical advice.
2024-11-10,2024-11-11,Stokes Hill,0.036639511037621,0,9.635626896402943,0.2523412226945644,26.777459124999663,629.41530663049,16.990000000000002,237.99292274572392,11.839166666666666,2.2916666666666665,1.0,1.0,1.0,1.0,1,1,Low,1.0,High,Lower predicted next-day smoke concern; continue checking official air-quality information.,Research decision-support prototype only; not an official NT EPA warning or medical advice.
2024-11-11,2024-11-12,Stokes Hill,0.0185163574413157,0,9.24371529923619,0.2346822726301163,4.476302764703777,193.9653810466708,4.95,81.94016855938514,8.71375,1.924583333333333,1.0,1.0,1.0,1.0,1,1,Low,1.0,High,Lower predicted next-day smoke concern; continue checking official air-quality information.,Research decision-support prototype only; not an official NT EPA warning or medical advice.
2024-11-12,2024-11-13,Stokes Hill,0.0258345553154907,0,8.790884340429912,0.247780481732516,14.731124695219236,388.7052219302957,197.45,39.49315392838225,10.713333333333331,2.6333333333333333,1.0,1.0,1.0,1.0,1,1,Low,1.0,High,Lower predicted next-day smoke concern; continue checking official air-quality information.,Research decision-support prototype only; not an official NT EPA warning or medical advice.
2024-11-13,2024-11-14,Stokes Hill,0.0187642362526938,0,7.06978921814483,0.2265825117958106,2.2269614995343607,112.9842542793382,0.0,,8.552083333333334,1.92125,1.0,1.0,1.0,1.0,1,1,Low,1.0,High,Lower predicted next-day smoke concern; continue checking official air-quality information.,Research decision-support prototype only; not an official NT EPA warning or medical advice.
2024-11-14,2024-11-15,Stokes Hill,0.0120305256261416,0,6.693809414621703,0.1230589677973948,1.0844200912696755,1166.80765174345,1068.06,438.0695022266037,8.667083333333332,1.47375,1.0,1.0,1.0,1.0,1,1,Low,1.0,High,Lower predicted next-day smoke concern; continue checking official air-quality information.,Research decision-support prototype only; not an official NT EPA warning or medical advice.
2024-11-15,2024-11-16,Stokes Hill,0.0189140765945398,0,8.919637697907465,0.1217173327998745,0.8323963882979264,258.3506005196594,21.98,240.57456870430127,9.8075,2.485,1.0,1.0,1.0,1.0,1,1,Low,1.0,High,Lower predicted next-day smoke concern; continue checking official air-quality information.,Research decision-support prototype only; not an official NT EPA warning or medical advice.
2024-11-16,2024-11-17,Stokes Hill,0.0153665771641837,0,7.781605256094278,0.2273375787094124,0.5676423995625901,31.9500740937978,0.0,,9.20625,1.9029166666666668,1.0,1.0,1.0,1.0,1,1,Low,1.0,High,Lower predicted next-day smoke concern; continue checking official air-quality information.,Research decision-support prototype only; not an official NT EPA warning or medical advice.
2024-11-17,2024-11-18,Stokes Hill,0.0164157339481477,0,8.14143859517859,0.1716267800657049,2.5975581355143644,367.3971936695348,92.48,238.89224459298623,8.334999999999999,2.11375,1.0,1.0,1.0,1.0,1,1,Low,1.0,High,Lower predicted next-day smoke concern; continue checking official air-quality information.,Research decision-support prototype only; not an official NT EPA warning or medical advice.
2024-11-18,2024-11-19,Stokes Hill,0.0262291713824243,0,6.986501645096569,0.2092958404312405,13.716493286541407,7508.218027565956,7719.34,67.13873882654674,7.195833333333333,2.8241666666666667,1.0,1.0,1.0,1.0,1,1,Low,1.0,High,Lower predicted next-day smoke concern; continue checking official air-quality information.,Research decision-support prototype only; not an official NT EPA warning or medical advice.
2024-11-19,2024-11-20,Stokes Hill,0.0080263248929982,0,6.3749576613263335,0.0459144899206683,0.8536801991924192,1345.6797989372822,328.06,412.3498143148528,10.056666666666668,1.1566666666666667,1.0,1.0,1.0,1.0,1,1,Low,1.0,High,Lower predicted next-day smoke concern; continue checking official air-quality information.,Research decision-support prototype only; not an official NT EPA warning or medical advice.
2024-11-22,2024-11-23,Stokes Hill,0.0224784988599749,0,6.534330474823384,0.2228903930403596,6.590155935372668,3698.232521917065,4160.419999999999,177.51347272350452,8.0555,1.5366666666666668,0.8333333333333334,1.0,1.0,1.0,1,1,Low,0.9722222222222223,High,Lower predicted next-day smoke concern; continue checking official air-quality information.,Research decision-support prototype only; not an official NT EPA warning or medical advice.
2024-11-23,2024-11-24,Stokes Hill,0.0061474005247871,0,5.929342500579956,0.0961665356940997,0.31544447944507,103.84171867330257,7.35,226.98259524097276,7.19875,0.99375,1.0,1.0,1.0,1.0,1,1,Low,1.0,High,Lower predicted next-day smoke concern; continue checking official air-quality information.,Research decision-support prototype only; not an official NT EPA warning or medical advice.
2024-11-24,2024-11-25,Stokes Hill,0.0067403681288965,0,4.954449791315373,0.051084701064366,2.302614640671524,2982.986815768455,594.6,357.477304553868,5.923750000000001,1.0416666666666667,1.0,1.0,1.0,1.0,1,1,Low,1.0,High,Lower predicted next-day smoke concern; continue checking official air-quality information.,Research decision-support prototype only; not an official NT EPA warning or medical advice.
2024-11-26,2024-11-27,Stokes Hill,0.0059488743939417,0,4.547617759311529,0.0533153564584297,0.8483579734874809,473.2457076174223,30.0,333.8566410548968,5.713478260869565,1.4645833333333331,0.9583333333333334,1.0,1.0,1.0,1,1,Low,0.9930555555555557,High,Lower predicted next-day smoke concern; continue checking official air-quality information.,Research decision-support prototype only; not an official NT EPA warning or medical advice.
2024-11-27,2024-11-28,Stokes Hill,0.0013904914586269,0,2.5030209236344048,0.018545320924346,0.2959679478590341,334.2450680835807,22.47,333.8566410548968,4.465,1.2733333333333332,1.0,1.0,1.0,1.0,1,1,Low,1.0,High,Lower predicted next-day smoke concern; continue checking official air-quality information.,Research decision-support prototype only; not an official NT EPA warning or medical advice.
2024-12-01,2024-12-02,Stokes Hill,0.0020390574918429,0,2.628082452359916,0.0280434230407806,0.0057624098121181,1.1564648804527968,0.0,,4.3734782608695655,2.0058333333333334,0.9583333333333334,1.0,1.0,1.0,1,1,Low,0.9930555555555557,High,Lower predicted next-day smoke concern; continue checking official air-quality information.,Research decision-support prototype only; not an official NT EPA warning or medical advice.
2024-12-02,2024-12-03,Stokes Hill,0.0031828075749766,0,3.214866782604979,0.0669406630494981,0.0,0.0,0.0,,6.0320833333333335,1.5204166666666667,1.0,1.0,1.0,1.0,1,1,Minimal,1.0,High,Lower predicted next-day smoke concern; continue checking official air-quality information.,Research decision-support prototype only; not an official NT EPA warning or medical advice.
2024-12-03,2024-12-04,Stokes Hill,0.0032010870871915,0,3.620169791587452,0.0552115397107097,0.0,0.0,0.0,,5.421250000000001,1.5479166666666666,1.0,1.0,1.0,1.0,1,1,Minimal,1.0,High,Lower predicted next-day smoke concern; continue checking official air-quality information.,Research decision-support prototype only; not an official NT EPA warning or medical advice.
2024-12-06,2024-12-07,Stokes Hill,0.0028626899019364,0,2.489630249485701,0.0380650641268629,0.0180985608425399,7.698896720123685,0.0,,4.572727272727272,2.35,0.9166666666666666,1.0,1.0,1.0,1,1,Low,0.986111111111111,High,Lower predicted next-day smoke concern; continue checking official air-quality information.,Research decision-support prototype only; not an official NT EPA warning or medical advice.
2024-12-09,2024-12-10,Stokes Hill,0.0032171682487067,0,2.366694282562964,0.0483415966679623,0.3282759528574803,74.91161542064573,0.0,,2.7586363636363638,3.293333333333333,0.9166666666666666,1.0,1.0,1.0,1,1,Low,0.986111111111111,High,Lower predicted next-day smoke concern; continue checking official air-quality information.,Research decision-support prototype only; not an official NT EPA warning or medical advice.
2024-12-15,2024-12-16,Stokes Hill,0.0022643540797689,0,2.5812254729349693,0.050676721652628,0.0112625036848044,8.911312283116855,0.0,,4.5691304347826085,0.9179166666666668,0.9583333333333334,1.0,1.0,1.0,1,1,Low,0.9930555555555557,High,Lower predicted next-day smoke concern; continue checking official air-quality information.,Research decision-support prototype only; not an official NT EPA warning or medical advice.
2024-12-17,2024-12-18,Stokes Hill,0.0035931680042595,0,3.2697192113581224,0.06143071598383,0.0,0.0,0.0,,5.6555,0.9120833333333334,0.8333333333333334,0.9583333333333334,1.0,1.0,1,1,Minimal,0.9652777777777778,High,Lower predicted next-day smoke concern; continue checking official air-quality information.,Research decision-support prototype only; not an official NT EPA warning or medical advice.
2024-12-18,2024-12-19,Stokes Hill,0.0106314098121028,0,5.12135972752331,0.1629950855891603,5.021366424880765,617.697262303865,541.66,34.023215156728206,5.630416666666666,1.6695833333333334,1.0,1.0,1.0,1.0,1,1,Low,1.0,High,Lower predicted next-day smoke concern; continue checking official air-quality information.,Research decision-support prototype only; not an official NT EPA warning or medical advice.
2024-12-19,2024-12-20,Stokes Hill,0.009646295935669,0,4.823304255931101,0.0602520342172834,3.562592320103652,1567.558750630385,1352.21,34.023215156728206,5.600833333333334,1.4333333333333331,1.0,1.0,1.0,1.0,1,1,Low,1.0,High,Lower predicted next-day smoke concern; continue checking official air-quality information.,Research decision-support prototype only; not an official NT EPA warning or medical advice.
2024-12-20,2024-12-21,Stokes Hill,0.0033311299278909,0,3.458936738769861,0.0426655812001374,0.0,0.0,0.0,,5.210833333333333,1.545,1.0,1.0,1.0,1.0,1,1,Minimal,1.0,High,Lower predicted next-day smoke concern; continue checking official air-quality information.,Research decision-support prototype only; not an official NT EPA warning or medical advice.
2024-12-22,2024-12-23,Stokes Hill,0.0030663801080816,0,3.557671044923944,0.0426432947501166,0.0337496447137143,28.88661597659236,0.0,,5.465652173913044,1.2858333333333334,0.9583333333333334,1.0,1.0,1.0,1,1,Low,0.9930555555555557,High,Lower predicted next-day smoke concern; continue checking official air-quality information.,Research decision-support prototype only; not an official NT EPA warning or medical advice.
2024-12-23,2024-12-24,Stokes Hill,0.0040832411416248,0,3.886862114727876,0.0429443359999634,0.0,0.0,0.0,,4.852916666666666,1.3745833333333335,1.0,1.0,1.0,1.0,1,1,Minimal,1.0,High,Lower predicted next-day smoke concern; continue checking official air-quality information.,Research decision-support prototype only; not an official NT EPA warning or medical advice.
2024-12-25,2024-12-26,Stokes Hill,0.0036423743519415,0,3.3869427892697503,0.0486295216751377,0.0,0.0,0.0,,5.239545454545454,2.012916666666667,0.9166666666666666,1.0,1.0,1.0,1,1,Minimal,0.986111111111111,High,Lower predicted next-day smoke concern; continue checking official air-quality information.,Research decision-support prototype only; not an official NT EPA warning or medical advice.
2024-12-26,2024-12-27,Stokes Hill,0.0036718448163954,0,4.38777111886202,0.0498782724499613,0.0,0.0,0.0,,6.397916666666667,1.1858333333333333,1.0,1.0,1.0,1.0,1,1,Minimal,1.0,High,Lower predicted next-day smoke concern; continue checking official air-quality information.,Research decision-support prototype only; not an official NT EPA warning or medical advice.
2024-12-27,2024-12-28,Stokes Hill,0.0043151736970844,0,5.070516664856189,0.0496610979662216,0.0,0.0,0.0,,6.853333333333333,1.2758333333333334,1.0,1.0,1.0,1.0,1,1,Minimal,1.0,High,Lower predicted next-day smoke concern; continue checking official air-quality information.,Research decision-support prototype only; not an official NT EPA warning or medical advice.
2024-12-28,2024-12-29,Stokes Hill,0.0041603529262458,0,4.735786100721837,0.046956137149559,0.0,0.0,0.0,,7.023333333333333,1.4145833333333335,1.0,1.0,1.0,1.0,1,1,Minimal,1.0,High,Lower predicted next-day smoke concern; continue checking official air-quality information.,Research decision-support prototype only; not an official NT EPA warning or medical advice.
2024-12-29,2024-12-30,Stokes Hill,0.004955638024497,0,4.399476068018242,0.0857541988505646,0.0977834132054942,2.551996687418696,2.67,140.51292148799547,5.688333333333333,1.893333333333333,1.0,1.0,1.0,1.0,1,1,Low,1.0,High,Lower predicted next-day smoke concern; continue checking official air-quality information.,Research decision-support prototype only; not an official NT EPA warning or medical advice.
2024-01-03,2024-01-04,Winnellie,0.035416651182756,0,6.54768069191256,0.1641376971510503,0.0,0.0,0.0,,,,0.3333333333333333,0.3333333333333333,0.3333333333333333,0.3333333333333333,1,1,Minimal,0.5555555555555555,Limited,Lower predicted next-day smoke concern; continue checking official air-quality information.,Research decision-support prototype only; not an official NT EPA warning or medical advice.
2024-01-04,2024-01-05,Winnellie,0.0184669359139575,0,6.335098487700599,0.1916209782845316,3.818827325958399,1098.4652136670516,726.27,325.37729799865133,6.080416666666667,5.641249999999999,1.0,1.0,1.0,1.0,1,1,Low,1.0,High,Lower predicted next-day smoke concern; continue checking official air-quality information.,Research decision-support prototype only; not an official NT EPA warning or medical advice.
2024-01-05,2024-01-06,Winnellie,0.0092623379146613,0,5.5935897864258965,0.1262878651290853,0.1742244839073487,112.08931192649976,96.61,409.29553062,6.271249999999999,4.995833333333333,1.0,1.0,1.0,0.9166666666666666,1,1,Low,0.986111111111111,High,Lower predicted next-day smoke concern; continue checking official air-quality information.,Research decision-support prototype only; not an official NT EPA warning or medical advice.
2024-01-06,2024-01-07,Winnellie,0.0066596003505905,0,4.861155890453357,0.0963439788924834,0.0275224684688841,5.718019271564526,0.0,,4.482916666666667,7.148333333333333,1.0,1.0,1.0,1.0,1,1,Low,1.0,High,Lower predicted next-day smoke concern; continue checking official air-quality information.,Research decision-support prototype only; not an official NT EPA warning or medical advice.
2024-01-17,2024-01-18,Winnellie,0.0104051250783956,0,7.244848137140166,0.106701118973584,0.0,0.0,0.0,,7.960434782608695,18.93,0.9583333333333334,1.0,1.0,1.0,1,1,Minimal,0.9930555555555557,High,Lower predicted next-day smoke concern; continue checking official air-quality information.,Research decision-support prototype only; not an official NT EPA warning or medical advice.
2024-01-22,2024-01-23,Winnellie,0.0279093129238782,0,6.954073038572068,0.2972526441388408,0.0,0.0,0.0,,,,0.5416666666666666,0.5416666666666666,0.5416666666666666,0.5416666666666666,1,1,Minimal,0.6944444444444443,Limited,Lower predicted next-day smoke concern; continue checking official air-quality information.,Research decision-support prototype only; not an official NT EPA warning or medical advice.
2024-01-23,2024-01-24,Winnellie,0.0079383803121225,0,9.44206127305309,0.0854936434464557,0.0,0.0,0.0,,11.959583333333333,7.834166666666667,1.0,1.0,1.0,1.0,1,1,Minimal,1.0,High,Lower predicted next-day smoke concern; continue checking official air-quality information.,Research decision-support prototype only; not an official NT EPA warning or medical advice.
2024-01-24,2024-01-25,Winnellie,0.0028127878221591,0,7.306197747916339,0.0567163898078009,0.0,0.0,0.0,,5.43125,5.827083333333333,1.0,1.0,1.0,0.8333333333333334,1,1,Minimal,0.9722222222222223,High,Lower predicted next-day smoke concern; continue checking official air-quality information.,Research decision-support prototype only; not an official NT EPA warning or medical advice.
2024-01-31,2024-02-01,Winnellie,0.0074819492727317,0,5.08436006076658,0.0928426192443288,0.0,0.0,0.0,,4.661304347826087,7.975833333333333,0.9583333333333334,1.0,1.0,1.0,1,1,Minimal,0.9930555555555557,High,Lower predicted next-day smoke concern; continue checking official air-quality information.,Research decision-support prototype only; not an official NT EPA warning or medical advice.
2024-02-01,2024-02-02,Winnellie,0.0023799826995438,0,3.300681153812744,0.1465039672153292,0.0,0.0,0.0,,4.317083333333334,12.45,1.0,0.75,1.0,1.0,1,1,Minimal,0.9583333333333334,High,Lower predicted next-day smoke concern; continue checking official air-quality information.,Research decision-support prototype only; not an official NT EPA warning or medical advice.
2024-02-02,2024-02-03,Winnellie,0.0075829263391526,0,5.74528308718233,0.0798388935443695,0.0,0.0,0.0,,6.431666666666668,10.9925,1.0,1.0,1.0,1.0,1,1,Minimal,1.0,High,Lower predicted next-day smoke concern; continue checking official air-quality information.,Research decision-support prototype only; not an official NT EPA warning or medical advice.
2024-02-06,2024-02-07,Winnellie,0.0381732890549523,0,6.678568324554394,0.2870732281748566,0.0,0.0,0.0,,,,0.4583333333333333,0.5,0.5,0.5,1,1,Minimal,0.6597222222222222,Limited,Lower predicted next-day smoke concern; continue checking official air-quality information.,Research decision-support prototype only; not an official NT EPA warning or medical advice.
2024-02-08,2024-02-09,Winnellie,0.009192439608001,0,3.440052042703174,0.1778170168974691,0.2506628851788542,4.3011699933819205,3.6,417.3608442191359,2.7333333333333334,7.01409090909091,0.875,0.9166666666666666,0.9166666666666666,0.875,1,1,Low,0.9305555555555555,High,Lower predicted next-day smoke concern; continue checking official air-quality information.,Research decision-support prototype only; not an official NT EPA warning or medical advice.
2024-02-17,2024-02-18,Winnellie,0.0526162526478788,0,6.577044924408265,0.2840703238002241,0.0,0.0,0.0,,,,0.1666666666666666,0.1666666666666666,0.1666666666666666,0.1666666666666666,1,1,Minimal,0.4444444444444444,Limited,Lower predicted next-day smoke concern; continue checking official air-quality information.,Research decision-support prototype only; not an official NT EPA warning or medical advice.
2024-02-19,2024-02-20,Winnellie,0.0039784045189857,0,4.465673535069527,0.1153858515366434,0.0,0.0,0.0,,4.352727272727273,12.135833333333332,0.9166666666666666,1.0,1.0,1.0,1,1,Minimal,0.986111111111111,High,Lower predicted next-day smoke concern; continue checking official air-quality information.,Research decision-support prototype only; not an official NT EPA warning or medical advice.
2024-02-22,2024-02-23,Winnellie,0.0290302918440326,0,7.23802285309023,0.3619317552337303,0.0,0.0,0.0,,,,0.6666666666666666,0.6666666666666666,0.625,0.6666666666666666,1,1,Minimal,0.7708333333333334,Moderate,Lower predicted next-day smoke concern; continue checking official air-quality information.,Research decision-support prototype only; not an official NT EPA warning or medical advice.
2024-02-23,2024-02-24,Winnellie,0.0116325061640886,0,6.9015181007162285,0.1802581962102168,0.0,0.0,0.0,,8.654583333333333,8.240833333333333,1.0,1.0,1.0,1.0,1,1,Minimal,1.0,High,Lower predicted next-day smoke concern; continue checking official air-quality information.,Research decision-support prototype only; not an official NT EPA warning or medical advice.
2024-02-24,2024-02-25,Winnellie,0.0081204522222435,0,6.145299721146662,0.1727369240870471,0.0,0.0,0.0,,5.735,9.251666666666669,1.0,1.0,1.0,0.9583333333333334,1,1,Minimal,0.9930555555555557,High,Lower predicted next-day smoke concern; continue checking official air-quality information.,Research decision-support prototype only; not an official NT EPA warning or medical advice.
2024-02-27,2024-02-28,Winnellie,0.0009906814316146,0,2.809124531456206,0.0289805305372523,0.0,0.0,0.0,,2.6695,6.67608695652174,0.8333333333333334,0.9583333333333334,0.9583333333333334,0.8333333333333334,1,1,Minimal,0.9305555555555557,High,Lower predicted next-day smoke concern; continue checking official air-quality information.,Research decision-support prototype only; not an official NT EPA warning or medical advice.
2024-03-01,2024-03-02,Winnellie,0.001394548524535,0,3.1854580606542573,0.0425611138471965,0.0,0.0,0.0,,4.158695652173913,9.49375,0.9583333333333334,1.0,1.0,0.9166666666666666,1,1,Minimal,0.9791666666666666,High,Lower predicted next-day smoke concern; continue checking official air-quality information.,Research decision-support prototype only; not an official NT EPA warning or medical advice.
2024-03-02,2024-03-03,Winnellie,0.0032557780179603,0,5.308725279701587,0.062326893208077,0.0,0.0,0.0,,6.042083333333333,4.128333333333333,1.0,1.0,1.0,0.8333333333333334,1,1,Minimal,0.9722222222222223,High,Lower predicted next-day smoke concern; continue checking official air-quality information.,Research decision-support prototype only; not an official NT EPA warning or medical advice.
2024-03-18,2024-03-19,Winnellie,0.0570003084529498,0,7.050623147846713,0.6499351328144247,0.0,0.0,0.0,,,,0.375,0.375,0.375,0.375,1,1,Minimal,0.5833333333333334,Limited,Lower predicted next-day smoke concern; continue checking official air-quality information.,Research decision-support prototype only; not an official NT EPA warning or medical advice.
2024-03-26,2024-03-27,Winnellie,0.0536562230628939,0,5.4433579790232525,0.3829376710973444,0.0,0.0,0.0,,,,0.5,0.5416666666666666,0.5416666666666666,0.5,1,1,Minimal,0.6805555555555555,Limited,Lower predicted next-day smoke concern; continue checking official air-quality information.,Research decision-support prototype only; not an official NT EPA warning or medical advice.
2024-03-29,2024-03-30,Winnellie,0.0210662987405437,0,5.224546883840628,0.143223906842949,0.356765601620705,86.40628768362028,86.47000000000001,401.210172246829,4.622173913043478,4.582083333333333,0.9583333333333334,1.0,1.0,0.9583333333333334,1,1,Low,0.9861111111111112,High,Lower predicted next-day smoke concern; continue checking official air-quality information.,Research decision-support prototype only; not an official NT EPA warning or medical advice.
2024-03-30,2024-03-31,Winnellie,0.0105998460474015,0,6.099605305966114,0.2711075650561606,0.1262171796886151,66.93414858730182,69.34,417.2632367871636,5.2175,3.08625,1.0,1.0,1.0,0.9166666666666666,1,1,Low,0.986111111111111,High,Lower predicted next-day smoke concern; continue checking official air-quality information.,Research decision-support prototype only; not an official NT EPA warning or medical advice.
2024-03-31,2024-04-01,Winnellie,0.0069065139673997,0,5.688881086589037,0.1657649666265242,0.0,0.0,0.0,,3.8554166666666663,5.144166666666667,1.0,1.0,1.0,0.8333333333333334,1,1,Minimal,0.9722222222222223,High,Lower predicted next-day smoke concern; continue checking official air-quality information.,Research decision-support prototype only; not an official NT EPA warning or medical advice.
2024-04-01,2024-04-02,Winnellie,0.013330669107869,0,5.220871460711338,0.3026141947874564,0.0,0.0,0.0,,3.64125,5.212083333333333,1.0,1.0,1.0,1.0,1,1,Minimal,1.0,High,Lower predicted next-day smoke concern; continue checking official air-quality information.,Research decision-support prototype only; not an official NT EPA warning or medical advice.
2024-04-02,2024-04-03,Winnellie,0.0085592824729985,0,4.115825437251504,0.0879983802342013,0.0,0.0,0.0,,4.18,6.654583333333334,1.0,1.0,1.0,1.0,1,1,Minimal,1.0,High,Lower predicted next-day smoke concern; continue checking official air-quality information.,Research decision-support prototype only; not an official NT EPA warning or medical advice.
2024-04-03,2024-04-04,Winnellie,0.002146471217158,0,3.616000103862589,0.2034357242304697,0.0,0.0,0.0,,4.37375,8.505416666666667,1.0,1.0,1.0,1.0,1,1,Minimal,1.0,High,Lower predicted next-day smoke concern; continue checking official air-quality information.,Research decision-support prototype only; not an official NT EPA warning or medical advice.
2024-04-04,2024-04-05,Winnellie,0.0081589477226981,0,4.41534910254834,0.2125875892920797,0.673228712810713,28.398053481044617,0.0,,4.210416666666666,6.169583333333333,1.0,1.0,1.0,1.0,1,1,Low,1.0,High,Lower predicted next-day smoke concern; continue checking official air-quality information.,Research decision-support prototype only; not an official NT EPA warning or medical advice.
2024-04-05,2024-04-06,Winnellie,0.0960905606450451,0,8.65757134807804,0.4512672729667119,2.570594174396562,165.47488235968245,185.91000000000005,241.2285082980517,7.733333333333333,5.74625,1.0,1.0,1.0,0.9166666666666666,1,1,Low,0.986111111111111,High,Lower predicted next-day smoke concern; continue checking official air-quality information.,Research decision-support prototype only; not an official NT EPA warning or medical advice.
2024-04-06,2024-04-07,Winnellie,0.0353732342254797,0,7.940181242916441,0.2744414336479082,0.5985861636756881,34.20768200769739,37.65,230.645438490279,8.33375,6.4383333333333335,1.0,1.0,1.0,0.9166666666666666,1,1,Low,0.986111111111111,High,Lower predicted next-day smoke concern; continue checking official air-quality information.,Research decision-support prototype only; not an official NT EPA warning or medical advice.
2024-04-07,2024-04-08,Winnellie,0.0219643844432826,0,7.297694939165567,0.2213124423484076,0.1984236512368607,8.682902279250564,9.41,230.645438490279,6.935833333333334,5.937083333333334,1.0,1.0,1.0,0.875,1,1,Low,0.9791666666666666,High,Lower predicted next-day smoke concern; continue checking official air-quality information.,Research decision-support prototype only; not an official NT EPA warning or medical advice.
2024-04-08,2024-04-09,Winnellie,0.0767044184405405,0,8.888516040763204,0.6366064393736064,17.203707333819036,1198.5875606329362,593.07,139.54252820115417,7.250833333333333,5.7575,1.0,1.0,1.0,1.0,1,1,Low,1.0,High,Lower predicted next-day smoke concern; continue checking official air-quality information.,Research decision-support prototype only; not an official NT EPA warning or medical advice.
2024-04-09,2024-04-10,Winnellie,0.1517922564911668,0,9.131508086111054,0.8214188129863675,11.11133676178472,1418.0657044310483,1617.63,137.98302467973582,8.566666666666666,5.983750000000001,1.0,1.0,1.0,1.0,1,1,Low,1.0,High,Lower predicted next-day smoke concern; continue checking official air-quality information.,Research decision-support prototype only; not an official NT EPA warning or medical advice.
2024-04-10,2024-04-11,Winnellie,0.1230702660023141,0,10.576264067375124,0.7214257052894688,26.982209501128075,1706.2173615947513,1108.16,137.73549793965236,8.984583333333333,6.838333333333334,1.0,1.0,1.0,1.0,1,1,Moderate,1.0,High,Lower predicted next-day smoke concern; continue checking official air-quality information.,Research decision-support prototype only; not an official NT EPA warning or medical advice.
2024-04-11,2024-04-12,Winnellie,0.1778734976122915,0,12.948966626949463,0.8158044260195608,36.98361324729411,3012.089834446338,2216.61,137.73549793965236,10.98375,6.861666666666667,1.0,1.0,1.0,1.0,1,1,Moderate,1.0,High,Lower predicted next-day smoke concern; continue checking official air-quality information.,Research decision-support prototype only; not an official NT EPA warning or medical advice.
2024-04-12,2024-04-13,Winnellie,0.0159196082633675,0,5.811841402578349,0.2315563714806012,21.78716285396841,2310.673558397165,1497.65,139.28448265415446,5.8675,6.295000000000001,1.0,1.0,1.0,0.9583333333333334,1,1,Low,0.9930555555555557,High,Lower predicted next-day smoke concern; continue checking official air-quality information.,Research decision-support prototype only; not an official NT EPA warning or medical advice.
2024-04-13,2024-04-14,Winnellie,0.0381890653304746,0,6.395193906783745,0.3099953664322262,8.03409824632553,357.4940339101416,420.26,140.8219853879485,6.1575,8.366666666666667,1.0,1.0,1.0,1.0,1,1,Low,1.0,High,Lower predicted next-day smoke concern; continue checking official air-quality information.,Research decision-support prototype only; not an official NT EPA warning or medical advice.
2024-04-14,2024-04-15,Winnellie,0.0265179286060858,0,6.534650468228508,0.3152649759056058,4.502855840038293,186.84989517380703,41.86,214.43520685274825,5.5183333333333335,7.835833333333333,1.0,1.0,1.0,1.0,1,1,Low,1.0,High,Lower predicted next-day smoke concern; continue checking official air-quality information.,Research decision-support prototype only; not an official NT EPA warning or medical advice.
2024-04-15,2024-04-16,Winnellie,0.0259497880961874,0,6.638937361565268,0.4111617597940635,5.4917673365768245,151.33522902892696,110.64,140.66024072116875,5.71375,5.98875,1.0,1.0,1.0,0.9166666666666666,1,1,Low,0.986111111111111,High,Lower predicted next-day smoke concern; continue checking official air-quality information.,Research decision-support prototype only; not an official NT EPA warning or medical advice.
2024-04-16,2024-04-17,Winnellie,0.0399991117736341,0,6.776447065575252,0.6315920727531403,13.084019073708276,629.5259942867963,219.52,28.452706147421317,5.397083333333334,6.822916666666667,1.0,1.0,1.0,1.0,1,1,Low,1.0,High,Lower predicted next-day smoke concern; continue checking official air-quality information.,Research decision-support prototype only; not an official NT EPA warning or medical advice.
2024-04-18,2024-04-19,Winnellie,0.0245880599953142,0,3.555633798022842,0.3582225494280129,22.65702784132875,1317.9479722202009,1349.63,128.8969766324757,2.8433333333333333,9.847916666666666,0.875,1.0,1.0,1.0,1,1,Low,0.9791666666666666,High,Lower predicted next-day smoke concern; continue checking official air-quality information.,Research decision-support prototype only; not an official NT EPA warning or medical advice.
2024-04-19,2024-04-20,Winnellie,0.0450418140449279,0,6.81536385920294,0.3546250300108154,10.813685442069191,615.6820218293158,512.6300000000001,203.34799040970557,6.950833333333333,7.546250000000001,1.0,1.0,1.0,1.0,1,1,Low,1.0,High,Lower predicted next-day smoke concern; continue checking official air-quality information.,Research decision-support prototype only; not an official NT EPA warning or medical advice.
2024-04-20,2024-04-21,Winnellie,0.1880717321670025,0,11.09544136362856,1.1324597213379064,40.81654190677549,2151.576413680615,2011.7,189.47529118009416,7.600416666666667,9.167083333333332,1.0,1.0,1.0,1.0,1,1,Moderate,1.0,High,Some smoke impact is possible; monitor updated conditions and official information.,Research decision-support prototype only; not an official NT EPA warning or medical advice.
2024-04-24,2024-04-25,Winnellie,0.1206114207407672,0,7.929200097771266,1.2488061155797885,0.0,0.0,0.0,,,,0.4166666666666667,0.4166666666666667,0.4166666666666667,0.4166666666666667,1,1,Minimal,0.6111111111111112,Limited,Some smoke impact is possible; monitor updated conditions and official information.,Research decision-support prototype only; not an official NT EPA warning or medical advice.
2024-04-25,2024-04-26,Winnellie,0.0378694890944495,0,6.058477452395904,0.7159101736220485,13.275885478157452,747.9200033816139,416.44000000000005,28.42750997366761,4.047083333333333,8.220416666666667,1.0,1.0,1.0,1.0,1,1,Low,1.0,High,Lower predicted next-day smoke concern; continue checking official air-quality information.,Research decision-support prototype only; not an official NT EPA warning or medical advice.
2024-04-26,2024-04-27,Winnellie,0.0467230979037941,0,7.491583726435476,0.8255406135781825,79.05074551922178,3542.722802289283,619.5099999999999,28.42750997366761,4.4279166666666665,8.282916666666667,1.0,1.0,1.0,1.0,1,1,Moderate,1.0,High,Lower predicted next-day smoke concern; continue checking official air-quality information.,Research decision-support prototype only; not an official NT EPA warning or medical advice.
2024-04-27,2024-04-28,Winnellie,0.177575525331123,0,11.20524499724256,1.4261918202930308,184.67166624387733,11341.543357371063,1313.34,29.548126752311592,8.422916666666667,8.250416666666666,1.0,1.0,1.0,1.0,1,1,High,1.0,High,Some smoke impact is possible; monitor updated conditions and official information.,Research decision-support prototype only; not an official NT EPA warning or medical advice.
2024-04-28,2024-04-29,Winnellie,0.2276047358683856,0,13.506611516818165,1.7921762175370186,318.49539715370315,11261.831859493084,10433.44,29.548126752311592,10.940416666666666,6.80875,1.0,1.0,1.0,1.0,1,1,High,1.0,High,Some smoke impact is possible; monitor updated conditions and official information.,Research decision-support prototype only; not an official NT EPA warning or medical advice.
2024-04-29,2024-04-30,Winnellie,0.0719163319410397,0,8.281452818474172,1.0021487655189798,251.36757692150667,7490.622607206999,5233.68,39.1075164597711,9.400416666666668,7.07125,1.0,1.0,1.0,0.9583333333333334,1,1,High,0.9930555555555557,High,Some smoke impact is possible; monitor updated conditions and official information.,Research decision-support prototype only; not an official NT EPA warning or medical advice.
2024-04-30,2024-05-01,Winnellie,0.0739454774801126,0,8.520186897982562,0.9508695419643026,169.45105843486408,5294.94010843041,4021.0900000000006,46.11999749131613,6.8,8.081249999999999,1.0,1.0,1.0,0.9583333333333334,1,1,High,0.9930555555555557,High,Lower predicted next-day smoke concern; continue checking official air-quality information.,Research decision-support prototype only; not an official NT EPA warning or medical advice.
2024-05-01,2024-05-02,Winnellie,0.1139730401008,0,8.075995195939702,1.139498558874846,60.96028563720292,1817.7310112505347,1234.55,92.1869706651453,5.484999999999999,7.272083333333334,1.0,1.0,1.0,0.9166666666666666,1,1,Moderate,0.986111111111111,High,Some smoke impact is possible; monitor updated conditions and official information.,Research decision-support prototype only; not an official NT EPA warning or medical advice.
2024-05-02,2024-05-03,Winnellie,0.1947841024964529,0,9.454892642979305,1.7141519858718588,136.58428978482868,3890.3075974262138,2514.77,83.13791049691314,6.395833333333333,7.458499999999999,1.0,0.8333333333333334,0.8333333333333334,0.8333333333333334,1,1,Moderate,0.9166666666666666,High,Some smoke impact is possible; monitor updated conditions and official information.,Research decision-support prototype only; not an official NT EPA warning or medical advice.
2024-05-03,2024-05-04,Winnellie,0.2472276341475331,0,10.89797275033246,1.7315087628181411,251.74917576618344,5797.293765167553,4240.95,59.913468592362165,7.85,8.510416666666666,1.0,1.0,1.0,1.0,1,1,High,1.0,High,Some smoke impact is possible; monitor updated conditions and official information.,Research decision-support prototype only; not an official NT EPA warning or medical advice.
2024-05-04,2024-05-05,Winnellie,0.1631181905940301,0,9.305008891939638,1.7106784530550276,344.1166792260401,7373.66293050246,5401.210000000001,47.46547465091389,7.777083333333334,7.647083333333334,1.0,1.0,1.0,0.9583333333333334,1,1,High,0.9930555555555557,High,Some smoke impact is possible; monitor updated conditions and official information.,Research decision-support prototype only; not an official NT EPA warning or medical advice.
2024-05-06,2024-05-07,Winnellie,0.3913211410568374,0,12.024852786360976,3.2556659448310983,122.69630011723191,2803.6393044798524,2029.23,97.98648898241387,8.562000000000001,6.99375,0.8333333333333334,1.0,1.0,1.0,1,1,Moderate,0.9722222222222223,High,Some smoke impact is possible; monitor updated conditions and official information.,Research decision-support prototype only; not an official NT EPA warning or medical advice.
2024-05-07,2024-05-08,Winnellie,0.378974000192589,0,11.303189017054471,3.153938436325355,254.3083843570048,8281.607558772655,8109.19,90.61449597970586,9.218333333333334,5.954999999999999,1.0,1.0,1.0,0.9583333333333334,1,1,High,0.9930555555555557,High,Some smoke impact is possible; monitor updated conditions and official information.,Research decision-support prototype only; not an official NT EPA warning or medical advice.
2024-05-08,2024-05-09,Winnellie,0.2765813738917265,0,13.210011500125924,2.4698517455053026,385.8896958976921,16247.444888781343,14251.45,88.154880342365,9.75625,5.572500000000001,1.0,1.0,1.0,0.9583333333333334,1,1,High,0.9930555555555557,High,Some smoke impact is possible; monitor updated conditions and official information.,Research decision-support prototype only; not an official NT EPA warning or medical advice.
2024-05-09,2024-05-10,Winnellie,0.1629855843832546,0,12.463290635089058,1.898457919141882,57.89156063145439,3844.126661565229,59.55,62.99737998723806,8.572083333333333,3.940833333333333,1.0,1.0,1.0,0.8333333333333334,1,1,Moderate,0.9722222222222223,High,Some smoke impact is possible; monitor updated conditions and official information.,Research decision-support prototype only; not an official NT EPA warning or medical advice.
2024-05-10,2024-05-11,Winnellie,0.3590856619250352,0,12.929266954917368,2.235850917880737,548.3175196566476,27534.58351789325,18736.22,44.90120972896646,12.36,5.5058333333333325,1.0,1.0,1.0,0.875,1,1,High,0.9791666666666666,High,Some smoke impact is possible; monitor updated conditions and official information.,Research decision-support prototype only; not an official NT EPA warning or medical advice.
2024-05-11,2024-05-12,Winnellie,0.9237973136262784,1,22.126719791296864,5.820852147523228,458.6296769074013,23876.1625299496,20672.42,10.96839781995132,30.0625,8.329166666666667,1.0,1.0,1.0,1.0,1,1,High,1.0,High,Elevated smoke conditions are possible; review outdoor plans and official NT EPA information.,Research decision-support prototype only; not an official NT EPA warning or medical advice.
2024-05-12,2024-05-13,Winnellie,0.4933371954700477,0,18.324146589590782,4.313766937527891,280.41415079432,15244.754439965982,12458.759999999998,10.96839781995132,15.364583333333334,7.474583333333334,1.0,1.0,1.0,1.0,1,1,High,1.0,High,Some smoke impact is possible; monitor updated conditions and official information.,Research decision-support prototype only; not an official NT EPA warning or medical advice.
2024-05-13,2024-05-14,Winnellie,0.3264391156178636,0,13.69688893141269,2.1758024806469654,173.3993319310906,7785.214574715241,6126.72,64.41024379994616,11.62625,7.046666666666667,1.0,1.0,1.0,1.0,1,1,High,1.0,High,Some smoke impact is possible; monitor updated conditions and official information.,Research decision-support prototype only; not an official NT EPA warning or medical advice.
2024-05-14,2024-05-15,Winnellie,0.4968665986316188,0,14.803342014631802,3.288014412938649,246.96447621174624,10907.18995938486,9981.69,8.43761522759619,11.530416666666667,8.307083333333333,1.0,1.0,1.0,1.0,1,1,High,1.0,High,Some smoke impact is possible; monitor updated conditions and official information.,Research decision-support prototype only; not an official NT EPA warning or medical advice.
2024-05-15,2024-05-16,Winnellie,0.7031380561488569,0,19.583085736829545,5.0940981071909865,312.45556345740863,12840.975091677929,10826.8,8.43761522759619,18.52,6.697500000000001,1.0,1.0,1.0,1.0,1,1,High,1.0,High,Elevated smoke conditions are possible; review outdoor plans and official NT EPA information.,Research decision-support prototype only; not an official NT EPA warning or medical advice.
2024-05-16,2024-05-17,Winnellie,0.6758589375181835,0,18.217631750985408,4.334740988508409,586.2139528298601,22139.381825074608,21686.83,9.01835784333037,18.707083333333333,7.404166666666666,1.0,1.0,1.0,1.0,1,1,High,1.0,High,Elevated smoke conditions are possible; review outdoor plans and official NT EPA information.,Research decision-support prototype only; not an official NT EPA warning or medical advice.
2024-05-17,2024-05-18,Winnellie,0.5196257941649302,0,17.161798395562702,3.85900500600346,417.36017877013694,23332.00397311616,23474.49,9.591401113529988,16.312916666666666,5.892916666666667,1.0,1.0,1.0,0.9166666666666666,1,1,High,0.986111111111111,High,Elevated smoke conditions are possible; review outdoor plans and official NT EPA information.,Research decision-support prototype only; not an official NT EPA warning or medical advice.
2024-05-18,2024-05-19,Winnellie,0.7493462236449597,0,18.14374622885061,4.837090882184095,385.5716246974715,14219.72068499374,13515.399999999998,8.10944445898927,16.65791666666667,8.997083333333334,1.0,1.0,1.0,1.0,1,1,High,1.0,High,Elevated smoke conditions are possible; review outdoor plans and official NT EPA information.,Research decision-support prototype only; not an official NT EPA warning or medical advice.
2024-05-19,2024-05-20,Winnellie,0.8768810715238373,1,23.20368942523811,8.02537056176681,427.3501310131826,17345.38050249358,15842.13,8.10944445898927,20.348333333333333,8.34125,1.0,1.0,1.0,1.0,1,1,High,1.0,High,Elevated smoke conditions are possible; review outdoor plans and official NT EPA information.,Research decision-support prototype only; not an official NT EPA warning or medical advice.
2024-05-20,2024-05-21,Winnellie,0.8970132268248806,1,25.032493880764104,7.9536881107006465,869.1139679886662,30283.23027858457,21210.36,11.572049223052703,21.385416666666668,9.944583333333332,1.0,1.0,1.0,1.0,1,1,High,1.0,High,Elevated smoke conditions are possible; review outdoor plans and official NT EPA information.,Research decision-support prototype only; not an official NT EPA warning or medical advice.
2024-05-21,2024-05-22,Winnellie,0.9632366997270784,1,29.787798212152737,11.494377998329847,1015.1186441219104,36703.16909151794,31847.74,11.245172953801733,24.81833333333333,9.567619047619049,1.0,0.875,0.875,0.875,1,1,High,0.9375,High,Elevated smoke conditions are possible; review outdoor plans and official NT EPA information.,Research decision-support prototype only; not an official NT EPA warning or medical advice.
2024-05-24,2024-05-25,Winnellie,0.3497074104280996,0,10.894994143328868,2.486772481456483,0.0,0.0,0.0,,,,0.5416666666666666,0.0833333333333333,0.0833333333333333,0.0833333333333333,1,1,Minimal,0.46527777777777773,Limited,Some smoke impact is possible; monitor updated conditions and official information.,Research decision-support prototype only; not an official NT EPA warning or medical advice.
2024-05-25,2024-05-26,Winnellie,0.2660255026205629,0,12.222388550096738,2.2651309520198213,0.0,0.0,0.0,,8.92625,,1.0,0.7083333333333334,0.7083333333333334,0.6666666666666666,1,1,Minimal,0.8472222222222223,Moderate,Some smoke impact is possible; monitor updated conditions and official information.,Research decision-support prototype only; not an official NT EPA warning or medical advice.
2024-05-26,2024-05-27,Winnellie,0.2271737945037713,0,10.307043113035451,1.6950803047961245,0.0,0.0,0.0,,9.184583333333334,,1.0,0.4166666666666667,0.4166666666666667,0.4166666666666667,1,1,Minimal,0.7083333333333334,Limited,Some smoke impact is possible; monitor updated conditions and official information.,Research decision-support prototype only; not an official NT EPA warning or medical advice.
2024-05-27,2024-05-28,Winnellie,0.4142110002142469,0,12.09143498461948,2.7746529436468004,263.1193239100791,6915.3302503964005,6809.63,37.95304402857598,12.259583333333332,7.765833333333333,1.0,1.0,1.0,1.0,1,1,High,1.0,High,Some smoke impact is possible; monitor updated conditions and official information.,Research decision-support prototype only; not an official NT EPA warning or medical advice.
2024-05-28,2024-05-29,Winnellie,0.4761104861425433,0,14.528077015675107,2.5568029421834297,0.0,0.0,0.0,,15.8025,,1.0,0.2916666666666667,0.2916666666666667,0.2916666666666667,1,1,Minimal,0.6458333333333334,Limited,Some smoke impact is possible; monitor updated conditions and official information.,Research decision-support prototype only; not an official NT EPA warning or medical advice.
2024-05-29,2024-05-30,Winnellie,0.2171272821161232,0,11.416889905363496,1.7828384154034234,56.15740181063234,2853.695796191371,1780.45,57.83252920175108,9.025,8.725,1.0,1.0,1.0,1.0,1,1,Moderate,1.0,High,Some smoke impact is possible; monitor updated conditions and official information.,Research decision-support prototype only; not an official NT EPA warning or medical advice.
2024-06-05,2024-06-06,Winnellie,0.3942173320472183,0,23.784696751709227,0.9652425880087584,,,,,13.465000000000002,,1.0,0.7083333333333334,0.7083333333333334,0.625,1,0,Unknown,0.6736111111111112,Limited,Some smoke impact is possible; monitor updated conditions and official information.,Research decision-support prototype only; not an official NT EPA warning or medical advice.
2024-06-06,2024-06-07,Winnellie,0.3094294142388193,0,12.283073915987904,1.9521355305209789,0.0,0.0,0.0,,9.79875,,1.0,0.2083333333333333,0.2083333333333333,0.2083333333333333,1,1,Minimal,0.6041666666666666,Limited,Some smoke impact is possible; monitor updated conditions and official information.,Research decision-support prototype only; not an official NT EPA warning or medical advice.
2024-06-07,2024-06-08,Winnellie,0.6577730577330827,0,16.9602579346097,3.160735272923764,0.0,0.0,0.0,,22.02916666666667,,1.0,0.5416666666666666,0.5416666666666666,0.5416666666666666,1,1,Minimal,0.7708333333333334,Moderate,Elevated smoke conditions are possible; review outdoor plans and official NT EPA information.,Research decision-support prototype only; not an official NT EPA warning or medical advice.
2024-06-08,2024-06-09,Winnellie,0.8828636054551903,1,22.470464218583583,5.620424108392991,0.0,0.0,0.0,,32.455416666666665,,1.0,0.3333333333333333,0.3333333333333333,0.3333333333333333,1,1,Minimal,0.6666666666666666,Limited,Elevated smoke conditions are possible; review outdoor plans and official NT EPA information.,Research decision-support prototype only; not an official NT EPA warning or medical advice.
2024-06-09,2024-06-10,Winnellie,0.5615317405807394,0,20.32293859439997,3.601666837020998,0.0,0.0,0.0,,20.83,,1.0,0.0833333333333333,0.0833333333333333,0.0833333333333333,1,1,Minimal,0.5416666666666666,Limited,Elevated smoke conditions are possible; review outdoor plans and official NT EPA information.,Research decision-support prototype only; not an official NT EPA warning or medical advice.
2024-06-10,2024-06-11,Winnellie,0.4686227468440691,0,15.561026154726711,2.6983530972201253,0.0,0.0,0.0,,15.619166666666668,,1.0,0.5833333333333334,0.5833333333333334,0.5416666666666666,1,1,Minimal,0.7847222222222223,Moderate,Some smoke impact is possible; monitor updated conditions and official information.,Research decision-support prototype only; not an official NT EPA warning or medical advice.
2024-06-11,2024-06-12,Winnellie,0.3847741730504813,0,13.705220516807929,2.3960198097067757,0.0,0.0,0.0,,13.637083333333337,,1.0,0.25,0.25,0.2083333333333333,1,1,Minimal,0.6180555555555555,Limited,Some smoke impact is possible; monitor updated conditions and official information.,Research decision-support prototype only; not an official NT EPA warning or medical advice.
2024-06-12,2024-06-13,Winnellie,0.590175467365907,0,15.433195744265978,4.54650245506392,247.0223851959908,15742.826674282136,15486.12,13.015153147541495,13.64625,6.213157894736842,1.0,0.7916666666666666,0.7916666666666666,0.75,1,1,High,0.8888888888888888,Moderate,Elevated smoke conditions are possible; review outdoor plans and official NT EPA information.,Research decision-support prototype only; not an official NT EPA warning or medical advice.
2024-06-13,2024-06-14,Winnellie,0.7414848158370638,0,18.076661998383223,4.149043314845538,0.0,0.0,0.0,,18.95,,1.0,0.0833333333333333,0.0833333333333333,0.0833333333333333,1,1,Minimal,0.5416666666666666,Limited,Elevated smoke conditions are possible; review outdoor plans and official NT EPA information.,Research decision-support prototype only; not an official NT EPA warning or medical advice.
2024-06-14,2024-06-15,Winnellie,0.7343763246221829,0,19.786455706973825,6.397824288739527,237.64312024242747,20908.243589383277,20364.94,5.461608538725334,14.737083333333333,5.337727272727272,1.0,0.9166666666666666,0.9166666666666666,0.9166666666666666,1,1,High,0.9583333333333334,High,Elevated smoke conditions are possible; review outdoor plans and official NT EPA information.,Research decision-support prototype only; not an official NT EPA warning or medical advice.
2024-06-15,2024-06-16,Winnellie,0.7080888039751732,0,18.770792821167746,3.944521467697639,0.0,0.0,0.0,,19.8575,,1.0,0.25,0.25,0.1666666666666666,1,1,Minimal,0.611111111111111,Limited,Elevated smoke conditions are possible; review outdoor plans and official NT EPA information.,Research decision-support prototype only; not an official NT EPA warning or medical advice.
2024-06-18,2024-06-19,Winnellie,0.5182735869070346,0,13.427634156696229,4.7176198891830925,0.0,0.0,0.0,,,,0.4166666666666667,0.4166666666666667,0.4166666666666667,0.3333333333333333,1,1,Minimal,0.5972222222222222,Limited,Elevated smoke conditions are possible; review outdoor plans and official NT EPA information.,Research decision-support prototype only; not an official NT EPA warning or medical advice.
2024-06-19,2024-06-20,Winnellie,0.6276026320233342,0,17.71283468720327,4.058033106415602,0.0,0.0,0.0,,20.121666666666663,,1.0,0.5,0.5,0.5,1,1,Minimal,0.75,Moderate,Elevated smoke conditions are possible; review outdoor plans and official NT EPA information.,Research decision-support prototype only; not an official NT EPA warning or medical advice.
2024-06-20,2024-06-21,Winnellie,0.8144312682662076,0,25.937168602604157,7.4041692605642515,506.39358832634,25196.443228872,25338.7,35.080018281542635,23.10125,6.697142857142857,1.0,0.875,0.875,0.875,1,1,High,0.9375,High,Elevated smoke conditions are possible; review outdoor plans and official NT EPA information.,Research decision-support prototype only; not an official NT EPA warning or medical advice.
2024-06-21,2024-06-22,Winnellie,0.8784591729273976,1,23.805331896722528,7.054352332223929,0.0,0.0,0.0,,27.441666666666663,,1.0,0.625,0.625,0.625,1,1,Minimal,0.8125,Moderate,Elevated smoke conditions are possible; review outdoor plans and official NT EPA information.,Research decision-support prototype only; not an official NT EPA warning or medical advice.
2024-06-22,2024-06-23,Winnellie,0.8628353006908092,0,23.674115177476807,7.668895224560622,536.992695960129,22118.44241696145,22564.12,15.480886738935707,21.234166666666667,9.846666666666668,1.0,0.875,0.875,0.875,1,1,High,0.9375,High,Elevated smoke conditions are possible; review outdoor plans and official NT EPA information.,Research decision-support prototype only; not an official NT EPA warning or medical advice.
2024-06-23,2024-06-24,Winnellie,0.7430865540662019,0,19.29562421682184,8.292163222594557,386.0071589362181,16652.407064020757,16544.85,17.78358612306324,14.002916666666666,7.807,1.0,0.8333333333333334,0.8333333333333334,0.8333333333333334,1,1,High,0.9166666666666666,High,Elevated smoke conditions are possible; review outdoor plans and official NT EPA information.,Research decision-support prototype only; not an official NT EPA warning or medical advice.
2024-06-24,2024-06-25,Winnellie,0.7779435685770422,0,17.999317355291705,7.105623375096794,279.9459204459126,14726.496251086806,13923.27,19.018591456523176,17.795416666666668,7.07,1.0,0.875,0.875,0.7916666666666666,1,1,High,0.923611111111111,High,Elevated smoke conditions are possible; review outdoor plans and official NT EPA information.,Research decision-support prototype only; not an official NT EPA warning or medical advice.
2024-06-26,2024-06-27,Winnellie,0.8279143089564358,0,21.13261285992569,6.435035140831559,195.1915263290652,9942.358416583476,8603.68,38.32761264762409,26.421,4.478260869565218,0.8333333333333334,0.9583333333333334,0.9583333333333334,0.9583333333333334,1,1,High,0.951388888888889,High,Elevated smoke conditions are possible; review outdoor plans and official NT EPA information.,Research decision-support prototype only; not an official NT EPA warning or medical advice.
2024-06-27,2024-06-28,Winnellie,0.8765011097423565,1,21.93171833491157,6.116617297846002,114.86918603558291,5544.716984766264,5563.169999999999,27.106606424098054,28.47958333333333,5.288749999999999,1.0,1.0,1.0,0.9166666666666666,1,1,Moderate,0.986111111111111,High,Elevated smoke conditions are possible; review outdoor plans and official NT EPA information.,Research decision-support prototype only; not an official NT EPA warning or medical advice.
2024-06-28,2024-06-29,Winnellie,0.3336831307165025,0,16.675402779176295,2.3717630214660925,30.683388828310093,627.916398372979,598.98,31.513095112007104,18.171666666666667,4.322916666666667,1.0,1.0,1.0,0.875,1,1,Moderate,0.9791666666666666,High,Some smoke impact is possible; monitor updated conditions and official information.,Research decision-support prototype only; not an official NT EPA warning or medical advice.
2024-06-29,2024-06-30,Winnellie,0.8810617510464133,1,20.61360178755022,4.313021665139551,19.897665014069705,778.4002064257429,312.05000000000007,29.49374272713406,33.614583333333336,5.12,1.0,1.0,1.0,0.9166666666666666,1,1,Low,0.986111111111111,High,Elevated smoke conditions are possible; review outdoor plans and official NT EPA information.,Research decision-support prototype only; not an official NT EPA warning or medical advice.
2024-06-30,2024-07-01,Winnellie,0.4487412182560948,0,17.60674837013728,4.6842446723707605,52.631738310612334,823.5396181553581,805.13,27.15168323862572,13.7625,7.047916666666667,1.0,1.0,1.0,0.9166666666666666,1,1,Moderate,0.986111111111111,High,Some smoke impact is possible; monitor updated conditions and official information.,Research decision-support prototype only; not an official NT EPA warning or medical advice.
2024-07-01,2024-07-02,Winnellie,0.4326558099766727,0,12.62570091979152,3.335237119289137,63.51810595450885,1678.0582627054876,1699.4899999999998,13.500616382368763,10.625,8.10375,1.0,1.0,1.0,1.0,1,1,Moderate,1.0,High,Some smoke impact is possible; monitor updated conditions and official information.,Research decision-support prototype only; not an official NT EPA warning or medical advice.
2024-07-02,2024-07-03,Winnellie,0.6946542421288712,0,15.693965769595902,5.522450594465123,169.95208001734923,5646.270689793262,5793.219999999999,5.344128224026171,14.085416666666667,8.352916666666667,1.0,1.0,1.0,1.0,1,1,High,1.0,High,Elevated smoke conditions are possible; review outdoor plans and official NT EPA information.,Research decision-support prototype only; not an official NT EPA warning or medical advice.
2024-07-03,2024-07-04,Winnellie,0.5968812548254008,0,16.07653516755964,5.984799791306325,255.6971764468677,20850.78013129813,22081.09,18.76719380867045,8.018749999999999,8.144166666666667,1.0,1.0,1.0,1.0,1,1,High,1.0,High,Elevated smoke conditions are possible; review outdoor plans and official NT EPA information.,Research decision-support prototype only; not an official NT EPA warning or medical advice.
2024-07-04,2024-07-05,Winnellie,0.8869375039641951,1,18.613961552784456,6.738702061981662,277.2093478611473,20142.53954282661,11654.929999999998,13.581766095885571,14.4825,9.54875,1.0,1.0,1.0,1.0,1,1,High,1.0,High,Elevated smoke conditions are possible; review outdoor plans and official NT EPA information.,Research decision-support prototype only; not an official NT EPA warning or medical advice.
2024-07-05,2024-07-06,Winnellie,0.6308863467742175,0,16.7671671181496,5.318930363224671,262.2808266207435,16154.66029784794,10735.78,9.533303696647575,12.248333333333331,6.977916666666666,1.0,1.0,1.0,0.9583333333333334,1,1,High,0.9930555555555557,High,Elevated smoke conditions are possible; review outdoor plans and official NT EPA information.,Research decision-support prototype only; not an official NT EPA warning or medical advice.
2024-07-06,2024-07-07,Winnellie,0.6367102226709243,0,17.140369377997807,2.5512943964509582,82.3515586380037,4482.448150823453,2781.36,9.533303696647575,25.03625,5.52625,1.0,1.0,1.0,1.0,1,1,Moderate,1.0,High,Elevated smoke conditions are possible; review outdoor plans and official NT EPA information.,Research decision-support prototype only; not an official NT EPA warning or medical advice.
2024-07-07,2024-07-08,Winnellie,0.5638153611065415,0,18.711893513409155,3.4430346377862557,149.85840467550787,3726.254296497794,3677.18,41.298129566929546,19.2275,5.389583333333333,1.0,1.0,1.0,1.0,1,1,High,1.0,High,Elevated smoke conditions are possible; review outdoor plans and official NT EPA information.,Research decision-support prototype only; not an official NT EPA warning or medical advice.
2024-07-08,2024-07-09,Winnellie,0.3753625723963603,0,13.925914688966673,3.0929713547189306,127.55319771485856,5171.601658155106,4750.99,29.568043723668502,10.09,6.632083333333333,1.0,1.0,1.0,0.9583333333333334,1,1,Moderate,0.9930555555555557,High,Some smoke impact is possible; monitor updated conditions and official information.,Research decision-support prototype only; not an official NT EPA warning or medical advice.
2024-07-17,2024-07-18,Winnellie,0.808732559108259,0,34.953155968546646,1.001261296611332,,,,,23.364166666666662,,1.0,0.5,0.5,0.5,1,0,Unknown,0.5833333333333334,Limited,Elevated smoke conditions are possible; review outdoor plans and official NT EPA information.,Research decision-support prototype only; not an official NT EPA warning or medical advice.
2024-07-18,2024-07-19,Winnellie,0.8913501103285612,1,27.577135192596813,6.559961308398937,0.0,0.0,0.0,,30.830416666666665,,1.0,0.4166666666666667,0.4166666666666667,0.4166666666666667,1,1,Minimal,0.7083333333333334,Limited,Elevated smoke conditions are possible; review outdoor plans and official NT EPA information.,Research decision-support prototype only; not an official NT EPA warning or medical advice.
2024-07-19,2024-07-20,Winnellie,0.7157098379837229,0,21.299991596374355,4.252575015537646,0.0,0.0,0.0,,22.879166666666663,,1.0,0.5,0.5,0.5,1,1,Minimal,0.75,Moderate,Elevated smoke conditions are possible; review outdoor plans and official NT EPA information.,Research decision-support prototype only; not an official NT EPA warning or medical advice.
2024-07-20,2024-07-21,Winnellie,0.8114146803954664,0,20.714253902253844,5.3912471289891855,175.00024858768734,8330.910684327802,2912.09,11.474035183574337,18.954583333333336,6.307916666666666,1.0,1.0,1.0,1.0,1,1,High,1.0,High,Elevated smoke conditions are possible; review outdoor plans and official NT EPA information.,Research decision-support prototype only; not an official NT EPA warning or medical advice.
2024-07-22,2024-07-23,Winnellie,0.8645168503880429,0,24.413871403147027,10.490109565195802,301.95955695448674,9986.77168355924,9047.05,17.15390419009969,16.4345,7.76304347826087,0.8333333333333334,0.9583333333333334,0.9583333333333334,0.9583333333333334,1,1,High,0.951388888888889,High,Elevated smoke conditions are possible; review outdoor plans and official NT EPA information.,Research decision-support prototype only; not an official NT EPA warning or medical advice.
2024-07-23,2024-07-24,Winnellie,0.4926170829737012,0,17.70578485374073,3.481973206763375,0.0,0.0,0.0,,19.166666666666668,,1.0,0.5416666666666666,0.5416666666666666,0.5416666666666666,1,1,Minimal,0.7708333333333334,Moderate,Some smoke impact is possible; monitor updated conditions and official information.,Research decision-support prototype only; not an official NT EPA warning or medical advice.
2024-07-24,2024-07-25,Winnellie,0.6776376868990202,0,18.780346218901684,3.423865618026446,0.0,0.0,0.0,,20.411666666666665,,1.0,0.2083333333333333,0.2083333333333333,0.2083333333333333,1,1,Minimal,0.6041666666666666,Limited,Elevated smoke conditions are possible; review outdoor plans and official NT EPA information.,Research decision-support prototype only; not an official NT EPA warning or medical advice.
2024-08-13,2024-08-14,Winnellie,0.2526800772493038,0,11.039097537549392,2.0854490483255854,0.0,0.0,0.0,,,,0.5833333333333334,0.5833333333333334,0.5833333333333334,0.5833333333333334,1,1,Minimal,0.7222222222222223,Limited,Some smoke impact is possible; monitor updated conditions and official information.,Research decision-support prototype only; not an official NT EPA warning or medical advice.
2024-08-14,2024-08-15,Winnellie,0.3389255036068581,0,15.446209994138798,2.022079896812208,0.0,0.0,0.0,,17.072916666666668,,1.0,0.5,0.5,0.5,1,1,Minimal,0.75,Moderate,Some smoke impact is possible; monitor updated conditions and official information.,Research decision-support prototype only; not an official NT EPA warning or medical advice.
2024-08-15,2024-08-16,Winnellie,0.3535817900029003,0,16.518079666915963,2.138676238232177,51.50703576925584,2094.247308055877,901.59,32.60313509676892,13.429166666666667,5.87625,1.0,1.0,1.0,0.9583333333333334,1,1,Moderate,0.9930555555555557,High,Some smoke impact is possible; monitor updated conditions and official information.,Research decision-support prototype only; not an official NT EPA warning or medical advice.
2024-08-16,2024-08-17,Winnellie,0.8525748969791439,0,23.676353737306165,3.5139645959065158,0.0,0.0,0.0,,17.82125,,1.0,0.125,0.125,0.125,1,1,Minimal,0.5625,Limited,Elevated smoke conditions are possible; review outdoor plans and official NT EPA information.,Research decision-support prototype only; not an official NT EPA warning or medical advice.
2024-08-17,2024-08-18,Winnellie,0.4061109742205029,0,14.800083386225268,2.2263057691734733,0.0,0.0,0.0,,17.455833333333334,,1.0,0.0,0.0,0.0,1,1,Minimal,0.5,Limited,Some smoke impact is possible; monitor updated conditions and official information.,Research decision-support prototype only; not an official NT EPA warning or medical advice.
2024-08-18,2024-08-19,Winnellie,0.3352279647231201,0,14.548712139983778,1.7441450794218194,0.0,0.0,0.0,,13.744166666666668,,1.0,0.0,0.0,0.0,1,1,Minimal,0.5,Limited,Some smoke impact is possible; monitor updated conditions and official information.,Research decision-support prototype only; not an official NT EPA warning or medical advice.
2024-08-19,2024-08-20,Winnellie,0.3259152369438099,0,13.291802800202106,1.7286957705078487,0.0,0.0,0.0,,11.86,,1.0,0.0,0.0,0.0,1,1,Minimal,0.5,Limited,Some smoke impact is possible; monitor updated conditions and official information.,Research decision-support prototype only; not an official NT EPA warning or medical advice.
2024-08-20,2024-08-21,Winnellie,0.2493108101747348,0,11.313851334673126,1.4031059975135192,0.0,0.0,0.0,,10.180416666666668,,1.0,0.0,0.0,0.0,1,1,Minimal,0.5,Limited,Some smoke impact is possible; monitor updated conditions and official information.,Research decision-support prototype only; not an official NT EPA warning or medical advice.
2024-08-21,2024-08-22,Winnellie,0.5356354313010266,0,15.933330906528838,1.8037389622900244,0.0,0.0,0.0,,12.486666666666666,,1.0,0.0,0.0,0.0,1,1,Minimal,0.5,Limited,Elevated smoke conditions are possible; review outdoor plans and official NT EPA information.,Research decision-support prototype only; not an official NT EPA warning or medical advice.
2024-08-22,2024-08-23,Winnellie,0.1574403307709524,0,10.63711509219408,0.963701131203784,0.0,0.0,0.0,,9.515416666666669,,1.0,0.0,0.0,0.0,1,1,Minimal,0.5,Limited,Lower predicted next-day smoke concern; continue checking official air-quality information.,Research decision-support prototype only; not an official NT EPA warning or medical advice.
2024-08-23,2024-08-24,Winnellie,0.2257829287842447,0,11.57630265355084,1.2634511330168117,0.0,0.0,0.0,,9.893333333333333,,1.0,0.0,0.0,0.0,1,1,Minimal,0.5,Limited,Some smoke impact is possible; monitor updated conditions and official information.,Research decision-support prototype only; not an official NT EPA warning or medical advice.
2024-08-24,2024-08-25,Winnellie,0.1281554197531202,0,9.91715929627665,0.9541382318508268,0.0,0.0,0.0,,8.482083333333334,,1.0,0.0,0.0,0.0,1,1,Minimal,0.5,Limited,Lower predicted next-day smoke concern; continue checking official air-quality information.,Research decision-support prototype only; not an official NT EPA warning or medical advice.
2024-08-25,2024-08-26,Winnellie,0.1638978778615935,0,10.29823131885802,1.0441808595373172,0.0,0.0,0.0,,10.0075,,1.0,0.0,0.0,0.0,1,1,Minimal,0.5,Limited,Some smoke impact is possible; monitor updated conditions and official information.,Research decision-support prototype only; not an official NT EPA warning or medical advice.
2024-08-28,2024-08-29,Winnellie,0.195164366546488,0,10.68761682971519,1.646695851025325,56.8820315627228,2326.495639878264,1237.61,27.77078260203758,8.518695652173914,5.745416666666667,0.9583333333333334,1.0,1.0,0.9583333333333334,1,1,Moderate,0.9861111111111112,High,Some smoke impact is possible; monitor updated conditions and official information.,Research decision-support prototype only; not an official NT EPA warning or medical advice.
2024-08-29,2024-08-30,Winnellie,0.2187071591665488,0,8.87326724549443,1.4131404318911496,54.14996622937681,1195.042842097439,1170.2400000000002,27.945781593866723,7.1025,7.919444444444445,1.0,0.75,0.75,0.75,1,1,Moderate,0.875,Moderate,Some smoke impact is possible; monitor updated conditions and official information.,Research decision-support prototype only; not an official NT EPA warning or medical advice.
2024-08-30,2024-08-31,Winnellie,0.0945706847317204,0,7.9407945147233665,0.8841727254304523,0.0,0.0,0.0,,5.570416666666667,,1.0,0.25,0.25,0.1666666666666666,1,1,Minimal,0.611111111111111,Limited,Lower predicted next-day smoke concern; continue checking official air-quality information.,Research decision-support prototype only; not an official NT EPA warning or medical advice.
2024-08-31,2024-09-01,Winnellie,0.1239960846726812,0,8.242301969820446,0.9493673419590328,0.0,0.0,0.0,,6.635000000000001,,1.0,0.5833333333333334,0.5833333333333334,0.5833333333333334,1,1,Minimal,0.7916666666666666,Moderate,Lower predicted next-day smoke concern; continue checking official air-quality information.,Research decision-support prototype only; not an official NT EPA warning or medical advice.
2024-09-01,2024-09-02,Winnellie,0.0999635897807891,0,8.255165250707151,0.737738934237457,0.0,0.0,0.0,,6.0200000000000005,,1.0,0.4583333333333333,0.4583333333333333,0.4583333333333333,1,1,Minimal,0.7291666666666666,Limited,Lower predicted next-day smoke concern; continue checking official air-quality information.,Research decision-support prototype only; not an official NT EPA warning or medical advice.
2024-09-02,2024-09-03,Winnellie,0.1061963963324725,0,9.145948167367631,0.729479275296515,0.0,0.0,0.0,,7.599166666666666,,1.0,0.2083333333333333,0.2083333333333333,0.2083333333333333,1,1,Minimal,0.6041666666666666,Limited,Lower predicted next-day smoke concern; continue checking official air-quality information.,Research decision-support prototype only; not an official NT EPA warning or medical advice.
2024-09-03,2024-09-04,Winnellie,0.1136377346083871,0,9.844793402980285,0.8158548735196643,0.0,0.0,0.0,,7.545416666666667,,1.0,0.5416666666666666,0.5416666666666666,0.5416666666666666,1,1,Minimal,0.7708333333333334,Moderate,Lower predicted next-day smoke concern; continue checking official air-quality information.,Research decision-support prototype only; not an official NT EPA warning or medical advice.
2024-09-04,2024-09-05,Winnellie,0.1422480073264329,0,10.08630201055576,0.8337986134892518,0.0,0.0,0.0,,8.622083333333334,,1.0,0.5833333333333334,0.5833333333333334,0.5833333333333334,1,1,Minimal,0.7916666666666666,Moderate,Lower predicted next-day smoke concern; continue checking official air-quality information.,Research decision-support prototype only; not an official NT EPA warning or medical advice.
2024-09-05,2024-09-06,Winnellie,0.1852483360508924,0,10.89385594951676,0.8534619214337051,0.0,0.0,0.0,,11.650416666666668,,1.0,0.1666666666666666,0.1666666666666666,0.1666666666666666,1,1,Minimal,0.5833333333333333,Limited,Lower predicted next-day smoke concern; continue checking official air-quality information.,Research decision-support prototype only; not an official NT EPA warning or medical advice.
2024-09-06,2024-09-07,Winnellie,0.1573650026364682,0,10.8115592493643,1.0636857280123044,48.13181341036112,1296.3833331935468,698.7,19.85603730830343,8.84,8.977142857142857,1.0,0.875,0.875,0.8333333333333334,1,1,Moderate,0.9305555555555557,High,Some smoke impact is possible; monitor updated conditions and official information.,Research decision-support prototype only; not an official NT EPA warning or medical advice.
2024-09-07,2024-09-08,Winnellie,0.1176084643897131,0,9.596170520502234,0.8121361228746122,0.0,0.0,0.0,,7.638333333333333,,1.0,0.0,0.0,0.0,1,1,Minimal,0.5,Limited,Lower predicted next-day smoke concern; continue checking official air-quality information.,Research decision-support prototype only; not an official NT EPA warning or medical advice.
2024-09-08,2024-09-09,Winnellie,0.8757937083122703,1,19.2969410246997,3.592706706014828,120.395571772265,2384.122566293101,1400.29,6.141365927840108,23.07625,7.331666666666667,1.0,1.0,1.0,1.0,1,1,Moderate,1.0,High,Elevated smoke conditions are possible; review outdoor plans and official NT EPA information.,Research decision-support prototype only; not an official NT EPA warning or medical advice.
2024-09-09,2024-09-10,Winnellie,0.2190450091302168,0,14.480550855463726,1.2769548961232704,0.0,0.0,0.0,,9.048333333333334,,1.0,0.25,0.25,0.25,1,1,Minimal,0.625,Limited,Some smoke impact is possible; monitor updated conditions and official information.,Research decision-support prototype only; not an official NT EPA warning or medical advice.
2024-09-12,2024-09-13,Winnellie,0.2822918693351225,0,9.571762795350994,1.5036851887671856,0.0,0.0,0.0,,,,0.5,0.5,0.5,0.5,1,1,Minimal,0.6666666666666666,Limited,Some smoke impact is possible; monitor updated conditions and official information.,Research decision-support prototype only; not an official NT EPA warning or medical advice.
2024-09-13,2024-09-14,Winnellie,0.2491630068295789,0,13.709049141427986,1.160450079723675,0.0,0.0,0.0,,12.0,,1.0,0.5833333333333334,0.5833333333333334,0.5416666666666666,1,1,Minimal,0.7847222222222223,Moderate,Some smoke impact is possible; monitor updated conditions and official information.,Research decision-support prototype only; not an official NT EPA warning or medical advice.
2024-09-14,2024-09-15,Winnellie,0.273666718133832,0,16.271808507885886,1.675948943847417,245.3147608291913,7838.470597703586,4521.48,26.16005158304894,16.389583333333334,6.208260869565217,1.0,0.9583333333333334,0.9583333333333334,0.875,1,1,High,0.9652777777777778,High,Some smoke impact is possible; monitor updated conditions and official information.,Research decision-support prototype only; not an official NT EPA warning or medical advice.
2024-09-15,2024-09-16,Winnellie,0.3519954309239499,0,15.199951330292528,1.292510051694672,0.0,0.0,0.0,,16.140833333333333,,1.0,0.4583333333333333,0.4583333333333333,0.4166666666666667,1,1,Minimal,0.7222222222222222,Limited,Some smoke impact is possible; monitor updated conditions and official information.,Research decision-support prototype only; not an official NT EPA warning or medical advice.
2024-09-16,2024-09-17,Winnellie,0.1679908906816406,0,12.63603850547392,1.3088346608563437,150.68689571663992,3269.610794394147,3095.34,35.650898140426904,13.827083333333334,7.0,1.0,0.9583333333333334,0.9583333333333334,0.8333333333333334,1,1,High,0.9583333333333334,High,Some smoke impact is possible; monitor updated conditions and official information.,Research decision-support prototype only; not an official NT EPA warning or medical advice.
2024-09-17,2024-09-18,Winnellie,0.0203299477620413,0,7.921431836084254,0.0834975783650191,0.0,0.0,0.0,,7.312083333333334,,1.0,0.7083333333333334,0.7083333333333334,0.7083333333333334,1,1,Minimal,0.8541666666666666,Moderate,Lower predicted next-day smoke concern; continue checking official air-quality information.,Research decision-support prototype only; not an official NT EPA warning or medical advice.
2024-09-19,2024-09-20,Winnellie,0.0550835552477504,0,5.404101524540454,0.5548369716183511,8.74876000175688,125.50517719269531,41.120000000000005,186.22259815606557,4.464444444444444,9.011739130434783,0.75,0.9583333333333334,0.9583333333333334,0.9583333333333334,1,1,Low,0.9375,High,Lower predicted next-day smoke concern; continue checking official air-quality information.,Research decision-support prototype only; not an official NT EPA warning or medical advice.
2024-09-20,2024-09-21,Winnellie,0.0498616626802064,0,6.790481869737665,0.4993696594530566,16.199650215561796,533.9844999997883,302.97,187.6702305762387,6.925833333333333,6.622916666666666,1.0,1.0,1.0,0.9583333333333334,1,1,Low,0.9930555555555557,High,Lower predicted next-day smoke concern; continue checking official air-quality information.,Research decision-support prototype only; not an official NT EPA warning or medical advice.
2024-09-21,2024-09-22,Winnellie,0.0404716279467842,0,6.127786586925058,0.3079946809035401,9.952413162664172,472.2135596358392,380.26,187.6702305762387,4.61125,6.872916666666666,1.0,1.0,1.0,1.0,1,1,Low,1.0,High,Lower predicted next-day smoke concern; continue checking official air-quality information.,Research decision-support prototype only; not an official NT EPA warning or medical advice.
2024-09-22,2024-09-23,Winnellie,0.1225973378483908,0,8.42685382112835,0.8128279586764533,42.41908306335644,2935.6971224800554,2695.77,172.56302693660857,5.58125,6.982916666666667,1.0,1.0,1.0,1.0,1,1,Moderate,1.0,High,Lower predicted next-day smoke concern; continue checking official air-quality information.,Research decision-support prototype only; not an official NT EPA warning or medical advice.
2024-09-23,2024-09-24,Winnellie,0.0830579995594803,0,8.095807155846739,0.6949780560771432,27.549465543072326,1717.383711266224,998.04,74.53820449776464,7.693333333333332,6.593333333333334,1.0,1.0,1.0,1.0,1,1,Moderate,1.0,High,Lower predicted next-day smoke concern; continue checking official air-quality information.,Research decision-support prototype only; not an official NT EPA warning or medical advice.
2024-09-24,2024-09-25,Winnellie,0.0714520162415072,0,8.192433175747484,0.6651715356240371,36.04534271230657,1164.655019622719,345.19,74.53820449776464,6.425833333333333,6.508333333333333,1.0,1.0,1.0,0.9583333333333334,1,1,Moderate,0.9930555555555557,High,Lower predicted next-day smoke concern; continue checking official air-quality information.,Research decision-support prototype only; not an official NT EPA warning or medical advice.
2024-09-25,2024-09-26,Winnellie,0.0850947754632073,0,8.09134697413019,0.8026238442229301,38.65846695830626,1241.4889436845342,453.74,23.306088979015502,7.572083333333334,6.335416666666667,1.0,1.0,1.0,1.0,1,1,Moderate,1.0,High,Lower predicted next-day smoke concern; continue checking official air-quality information.,Research decision-support prototype only; not an official NT EPA warning or medical advice.
2024-09-29,2024-09-30,Winnellie,0.2180876338201524,0,20.209659238911875,0.2619761608269237,,,,,12.434583333333334,4.380833333333333,1.0,1.0,1.0,0.7083333333333334,1,0,Unknown,0.7847222222222223,Moderate,Lower predicted next-day smoke concern; continue checking official air-quality information.,Research decision-support prototype only; not an official NT EPA warning or medical advice.
2024-09-30,2024-10-01,Winnellie,0.3423779578290096,0,14.384095251638309,1.7493357527016755,44.70462210698692,2166.527932946724,423.22,87.83307600381212,12.711666666666666,6.546250000000001,1.0,1.0,1.0,0.8333333333333334,1,1,Moderate,0.9722222222222223,High,Some smoke impact is possible; monitor updated conditions and official information.,Research decision-support prototype only; not an official NT EPA warning or medical advice.
2024-10-01,2024-10-02,Winnellie,0.2542054272939643,0,14.328925045811877,1.3762956042197003,169.2428826459379,20509.03341819356,14437.36,93.90207441815146,14.55625,5.656666666666666,1.0,1.0,1.0,1.0,1,1,High,1.0,High,Some smoke impact is possible; monitor updated conditions and official information.,Research decision-support prototype only; not an official NT EPA warning or medical advice.
2024-10-02,2024-10-03,Winnellie,0.3683794759438781,0,16.100084043818683,1.1261324149020038,23.662595177347384,1536.8196522605497,756.34,195.3590490405614,15.29125,7.160416666666666,1.0,1.0,1.0,0.9166666666666666,1,1,Low,0.986111111111111,High,Some smoke impact is possible; monitor updated conditions and official information.,Research decision-support prototype only; not an official NT EPA warning or medical advice.
2024-10-03,2024-10-04,Winnellie,0.148289301281272,0,12.941656504117962,0.9205046921559304,4.491426630346858,399.7833471798848,0.0,,12.020416666666668,4.7575,1.0,1.0,1.0,0.9166666666666666,1,1,Low,0.986111111111111,High,Lower predicted next-day smoke concern; continue checking official air-quality information.,Research decision-support prototype only; not an official NT EPA warning or medical advice.
2024-10-04,2024-10-05,Winnellie,0.218532819549021,0,11.329069839266312,0.9382256934962832,74.74906827120546,2615.489673791096,270.31,111.47868243343449,11.352916666666667,7.521249999999999,1.0,1.0,1.0,1.0,1,1,Moderate,1.0,High,Lower predicted next-day smoke concern; continue checking official air-quality information.,Research decision-support prototype only; not an official NT EPA warning or medical advice.
2024-10-05,2024-10-06,Winnellie,0.2401471765723101,0,13.458828338935186,0.8285655130439613,22.307184723844323,1161.4121107458184,53.16,111.47868243343449,12.516666666666666,6.896249999999999,1.0,1.0,1.0,1.0,1,1,Low,1.0,High,Lower predicted next-day smoke concern; continue checking official air-quality information.,Research decision-support prototype only; not an official NT EPA warning or medical advice.
2024-10-06,2024-10-07,Winnellie,0.1758014279428448,0,13.954175255058406,0.8819527411411321,7.664987373178432,414.0073234080072,19.83,88.47832704697674,13.344583333333333,6.434166666666666,1.0,1.0,1.0,0.9166666666666666,1,1,Low,0.986111111111111,High,Lower predicted next-day smoke concern; continue checking official air-quality information.,Research decision-support prototype only; not an official NT EPA warning or medical advice.
2024-10-07,2024-10-08,Winnellie,0.2336515680629976,0,13.932366162728147,1.0514598396499912,23.014484391747388,1534.2195199242888,14.28,65.01092259752494,11.990833333333333,7.257916666666667,1.0,1.0,1.0,0.9583333333333334,1,1,Low,0.9930555555555557,High,Some smoke impact is possible; monitor updated conditions and official information.,Research decision-support prototype only; not an official NT EPA warning or medical advice.
2024-10-08,2024-10-09,Winnellie,0.1082120423618129,0,11.374009619591188,0.6910872418000215,114.4960275966824,1050.049560673901,1334.7900000000002,61.44391552834258,11.3575,6.4437500000000005,1.0,1.0,1.0,1.0,1,1,Moderate,1.0,High,Lower predicted next-day smoke concern; continue checking official air-quality information.,Research decision-support prototype only; not an official NT EPA warning or medical advice.
2024-10-10,2024-10-11,Winnellie,0.1499145169870497,0,12.783530127310868,0.8404299334558049,85.04511647174881,3227.5837334113903,2751.82,86.9525902169578,11.247142857142856,5.351666666666667,0.875,1.0,1.0,0.8333333333333334,1,1,Moderate,0.951388888888889,High,Lower predicted next-day smoke concern; continue checking official air-quality information.,Research decision-support prototype only; not an official NT EPA warning or medical advice.
2024-10-11,2024-10-12,Winnellie,0.2508502330045238,0,15.601813584256796,0.8490548082908418,73.07963177711507,1821.1215342954752,1529.5200000000002,86.63942918312092,15.59625,6.12875,1.0,1.0,1.0,0.9166666666666666,1,1,Moderate,0.986111111111111,High,Lower predicted next-day smoke concern; continue checking official air-quality information.,Research decision-support prototype only; not an official NT EPA warning or medical advice.
2024-10-12,2024-10-13,Winnellie,0.2117534074849409,0,14.716450417456794,0.9848314345802676,64.42461852391992,1234.3060840381163,1210.6,73.44140586814288,15.8725,6.719166666666666,1.0,1.0,1.0,0.9583333333333334,1,1,Moderate,0.9930555555555557,High,Lower predicted next-day smoke concern; continue checking official air-quality information.,Research decision-support prototype only; not an official NT EPA warning or medical advice.
2024-10-13,2024-10-14,Winnellie,0.1208199454458795,0,11.978892857786064,0.7032788290223547,40.94364731522635,1512.6112711970172,769.44,73.44140586814288,9.642083333333334,6.359583333333333,1.0,1.0,1.0,1.0,1,1,Moderate,1.0,High,Lower predicted next-day smoke concern; continue checking official air-quality information.,Research decision-support prototype only; not an official NT EPA warning or medical advice.
2024-10-14,2024-10-15,Winnellie,0.1930597257547573,0,12.561983218266729,0.7384558868741092,27.202401441915733,502.2132249270036,368.61,74.3527183201866,12.457083333333337,6.298333333333333,1.0,1.0,1.0,1.0,1,1,Moderate,1.0,High,Lower predicted next-day smoke concern; continue checking official air-quality information.,Research decision-support prototype only; not an official NT EPA warning or medical advice.
2024-10-16,2024-10-17,Winnellie,0.0733728670306223,0,11.301292736428808,0.4100817980946882,17.45643246952341,372.2491968687233,252.77,112.271809045844,12.218260869565215,4.835833333333333,0.9583333333333334,1.0,1.0,0.875,1,1,Low,0.9722222222222223,High,Lower predicted next-day smoke concern; continue checking official air-quality information.,Research decision-support prototype only; not an official NT EPA warning or medical advice.
2024-10-17,2024-10-18,Winnellie,0.1316627957766349,0,11.86690366635384,0.5385383975394173,28.944688385657624,463.9056396733277,373.24,68.89134390932021,10.915,6.877916666666667,1.0,1.0,1.0,1.0,1,1,Moderate,1.0,High,Lower predicted next-day smoke concern; continue checking official air-quality information.,Research decision-support prototype only; not an official NT EPA warning or medical advice.
2024-10-18,2024-10-19,Winnellie,0.0709964037815022,0,9.16455762911334,0.5340680258376009,31.52366399714544,472.11840798048615,356.44000000000005,68.89134390932021,8.28,5.950454545454545,1.0,0.9166666666666666,0.9166666666666666,0.875,1,1,Moderate,0.9513888888888888,High,Lower predicted next-day smoke concern; continue checking official air-quality information.,Research decision-support prototype only; not an official NT EPA warning or medical advice.
2024-10-19,2024-10-20,Winnellie,0.1266749561673224,0,11.000963465411647,0.5356294514518829,14.748318875173156,253.0609506386796,263.18,70.1205006197084,10.359583333333331,6.8808333333333325,1.0,1.0,1.0,1.0,1,1,Low,1.0,High,Lower predicted next-day smoke concern; continue checking official air-quality information.,Research decision-support prototype only; not an official NT EPA warning or medical advice.
2024-10-21,2024-10-22,Winnellie,0.0741378567323575,0,8.391212245286017,0.3694878877452765,7.806461587055431,4005.395802734213,3150.6100000000006,374.9461828552255,6.660000000000001,6.830869565217392,0.875,0.9583333333333334,0.9583333333333334,0.9583333333333334,1,1,Low,0.9583333333333334,High,Lower predicted next-day smoke concern; continue checking official air-quality information.,Research decision-support prototype only; not an official NT EPA warning or medical advice.
2024-10-22,2024-10-23,Winnellie,0.1193816014558406,0,9.36543991080441,0.599975498712063,0.0,0.0,0.0,,8.2525,,1.0,0.2916666666666667,0.2916666666666667,0.2916666666666667,1,1,Minimal,0.6458333333333334,Limited,Lower predicted next-day smoke concern; continue checking official air-quality information.,Research decision-support prototype only; not an official NT EPA warning or medical advice.
2024-10-23,2024-10-24,Winnellie,0.0709663524402507,0,9.845344054050337,0.4323357837870696,6.508240245814519,101.6011119279184,129.92000000000002,120.48263650036698,8.936666666666666,5.671250000000001,1.0,1.0,1.0,0.875,1,1,Low,0.9791666666666666,High,Lower predicted next-day smoke concern; continue checking official air-quality information.,Research decision-support prototype only; not an official NT EPA warning or medical advice.
2024-10-25,2024-10-26,Winnellie,0.0974359123567786,0,10.28889164629812,0.5615344302763219,18.69660024921769,5565.27709471693,4437.96,73.20171257150702,9.469130434782608,5.245,0.9583333333333334,1.0,1.0,0.9166666666666666,1,1,Low,0.9791666666666666,High,Lower predicted next-day smoke concern; continue checking official air-quality information.,Research decision-support prototype only; not an official NT EPA warning or medical advice.
2024-10-26,2024-10-27,Winnellie,0.1128646028594704,0,11.179678128494269,0.5384374160775308,0.0,0.0,0.0,,11.179166666666667,,1.0,0.2916666666666667,0.2916666666666667,0.2916666666666667,1,1,Minimal,0.6458333333333334,Limited,Lower predicted next-day smoke concern; continue checking official air-quality information.,Research decision-support prototype only; not an official NT EPA warning or medical advice.
2024-10-27,2024-10-28,Winnellie,0.0942497973373017,0,10.393386365607528,0.4596615204413043,0.2848550837301732,4.897880903979466,3.13,120.31309895120728,9.806666666666668,6.690833333333333,1.0,1.0,1.0,1.0,1,1,Low,1.0,High,Lower predicted next-day smoke concern; continue checking official air-quality information.,Research decision-support prototype only; not an official NT EPA warning or medical advice.
2024-10-28,2024-10-29,Winnellie,0.1652062717935811,0,12.417284152842443,0.6460650875401124,0.0,0.0,0.0,,10.83375,,1.0,0.375,0.375,0.25,1,1,Minimal,0.6666666666666666,Limited,Lower predicted next-day smoke concern; continue checking official air-quality information.,Research decision-support prototype only; not an official NT EPA warning or medical advice.
2024-10-29,2024-10-30,Winnellie,0.0998694684299165,0,10.640954293752396,0.5678900015223822,24.488659639247462,9385.902930606728,266.12,99.36851573015863,9.75375,7.385,1.0,0.8333333333333334,0.8333333333333334,0.7916666666666666,1,1,Low,0.9097222222222223,High,Lower predicted next-day smoke concern; continue checking official air-quality information.,Research decision-support prototype only; not an official NT EPA warning or medical advice.
2024-10-31,2024-11-01,Winnellie,0.0564920623534745,0,7.028616579353619,0.2166728305782204,0.0,0.0,0.0,,7.431363636363637,,0.9166666666666666,0.2083333333333333,0.2083333333333333,0.125,1,1,Minimal,0.5763888888888888,Limited,Lower predicted next-day smoke concern; continue checking official air-quality information.,Research decision-support prototype only; not an official NT EPA warning or medical advice.
2024-11-02,2024-11-03,Winnellie,0.020644796325339,0,7.121704822589496,0.2760446062274905,0.0,0.0,0.0,,6.023913043478261,,0.9583333333333334,0.7083333333333334,0.7083333333333334,0.6666666666666666,1,1,Minimal,0.8402777777777777,Moderate,Lower predicted next-day smoke concern; continue checking official air-quality information.,Research decision-support prototype only; not an official NT EPA warning or medical advice.
2024-11-07,2024-11-08,Winnellie,0.0232834456596306,0,11.29923531355744,0.0771474234503343,,,,,2.8482608695652174,5.785909090909091,0.9583333333333334,0.9166666666666666,0.9166666666666666,0.7916666666666666,1,0,Unknown,0.7638888888888888,Moderate,Lower predicted next-day smoke concern; continue checking official air-quality information.,Research decision-support prototype only; not an official NT EPA warning or medical advice.
2024-11-08,2024-11-09,Winnellie,0.0186220588166032,0,6.722844076488062,0.238888973428893,0.0,0.0,0.0,,4.7250000000000005,,1.0,0.2083333333333333,0.2083333333333333,0.125,1,1,Minimal,0.5902777777777778,Limited,Lower predicted next-day smoke concern; continue checking official air-quality information.,Research decision-support prototype only; not an official NT EPA warning or medical advice.
2024-11-09,2024-11-10,Winnellie,0.0230115453232571,0,8.493367758908903,0.2745118861032367,0.320975086546535,19.51734589247102,0.0,,5.522083333333334,6.46,1.0,0.9166666666666666,0.9166666666666666,0.8333333333333334,1,1,Low,0.9444444444444443,High,Lower predicted next-day smoke concern; continue checking official air-quality information.,Research decision-support prototype only; not an official NT EPA warning or medical advice.
2024-11-10,2024-11-11,Winnellie,0.0352115667421675,0,9.233183733546976,0.2962793629483103,44.34085605593279,626.6396182103338,16.990000000000002,231.6421935484269,8.495416666666666,6.1933333333333325,1.0,1.0,1.0,0.9166666666666666,1,1,Moderate,0.986111111111111,High,Lower predicted next-day smoke concern; continue checking official air-quality information.,Research decision-support prototype only; not an official NT EPA warning or medical advice.
2024-11-11,2024-11-12,Winnellie,0.0186543535730257,0,8.431912596752863,0.2633875517927672,21.6269087469774,496.49053210575806,115.92,33.14754804174131,6.897083333333334,5.895,1.0,1.0,1.0,0.9583333333333334,1,1,Low,0.9930555555555557,High,Lower predicted next-day smoke concern; continue checking official air-quality information.,Research decision-support prototype only; not an official NT EPA warning or medical advice.
2024-11-14,2024-11-15,Winnellie,0.0255987794670385,0,6.203770057665832,0.1903839203361699,1.987084666224687,1163.716373102845,1068.06,444.4237610548935,,4.839583333333334,0.5416666666666666,1.0,1.0,1.0,1,1,Low,0.923611111111111,High,Lower predicted next-day smoke concern; continue checking official air-quality information.,Research decision-support prototype only; not an official NT EPA warning or medical advice.
2024-11-16,2024-11-17,Winnellie,0.0288135426891958,0,8.190039656118856,0.2989117638888657,0.0,0.0,0.0,,7.58590909090909,,0.9166666666666666,0.6666666666666666,0.6666666666666666,0.625,1,1,Minimal,0.8125,Moderate,Lower predicted next-day smoke concern; continue checking official air-quality information.,Research decision-support prototype only; not an official NT EPA warning or medical advice.
2024-11-18,2024-11-19,Winnellie,0.0217645933014022,0,6.439744025607386,0.1526405549537909,21.076330055047357,7504.497772295879,7719.34,66.8870596889662,6.460869565217391,6.5625,0.9583333333333334,1.0,1.0,0.9583333333333334,1,1,Low,0.9861111111111112,High,Lower predicted next-day smoke concern; continue checking official air-quality information.,Research decision-support prototype only; not an official NT EPA warning or medical advice.
2024-11-19,2024-11-20,Winnellie,0.0106663724767017,0,9.249706824901196,0.0526697748284257,1.3004530337564186,918.960389515296,0.0,,11.159583333333332,3.48,1.0,1.0,1.0,0.7916666666666666,1,1,Low,0.9652777777777777,High,Lower predicted next-day smoke concern; continue checking official air-quality information.,Research decision-support prototype only; not an official NT EPA warning or medical advice.
2024-11-20,2024-11-21,Winnellie,0.0277566268441134,0,8.639001832342268,0.1087703584087525,6.473733659828792,3971.577960557237,4145.11,295.6257478439833,7.922916666666667,4.34,1.0,0.75,0.75,0.75,1,1,Low,0.875,Moderate,Lower predicted next-day smoke concern; continue checking official air-quality information.,Research decision-support prototype only; not an official NT EPA warning or medical advice.
2024-11-23,2024-11-24,Winnellie,0.0061593999440595,0,7.54275662342696,0.0625911770846711,0.8915030618930814,148.92295608146352,7.35,220.65717201193155,7.5208695652173905,3.3141666666666665,0.9583333333333334,1.0,1.0,0.875,1,1,Low,0.9722222222222223,High,Lower predicted next-day smoke concern; continue checking official air-quality information.,Research decision-support prototype only; not an official NT EPA warning or medical advice.
2024-11-24,2024-11-25,Winnellie,0.0072719266996447,0,6.675141516448202,0.0626818514321687,0.1206736102692761,106.66980328388829,0.0,,6.9383333333333335,2.8129166666666667,1.0,1.0,1.0,0.9166666666666666,1,1,Low,0.986111111111111,High,Lower predicted next-day smoke concern; continue checking official air-quality information.,Research decision-support prototype only; not an official NT EPA warning or medical advice.
2024-11-25,2024-11-26,Winnellie,0.0107978474379275,0,6.569408312672039,0.0657464223699438,2.048598625240855,1013.8387327409104,587.48,232.8418023222514,6.146666666666667,4.20875,1.0,1.0,1.0,0.875,1,1,Low,0.9791666666666666,High,Lower predicted next-day smoke concern; continue checking official air-quality information.,Research decision-support prototype only; not an official NT EPA warning or medical advice.
2024-11-26,2024-11-27,Winnellie,0.0044360797600509,0,5.703674798990196,0.032042518244415,2.0486950416391,621.3822837757696,60.44,328.33739818515005,5.425416666666667,4.321666666666666,1.0,1.0,1.0,0.9583333333333334,1,1,Low,0.9930555555555557,High,Lower predicted next-day smoke concern; continue checking official air-quality information.,Research decision-support prototype only; not an official NT EPA warning or medical advice.
2024-11-28,2024-11-29,Winnellie,0.0103709505952938,0,5.547403717734688,0.090124475593517,0.0,0.0,0.0,,4.985217391304348,,0.9583333333333334,0.2916666666666667,0.2916666666666667,0.2083333333333333,1,1,Minimal,0.625,Limited,Lower predicted next-day smoke concern; continue checking official air-quality information.,Research decision-support prototype only; not an official NT EPA warning or medical advice.
2024-11-29,2024-11-30,Winnellie,0.0282080331612719,0,7.433243123094709,0.1452581897168689,0.0,0.0,0.0,,7.327916666666667,,1.0,0.1666666666666666,0.1666666666666666,0.1666666666666666,1,1,Minimal,0.5833333333333333,Limited,Lower predicted next-day smoke concern; continue checking official air-quality information.,Research decision-support prototype only; not an official NT EPA warning or medical advice.
2024-12-01,2024-12-02,Winnellie,0.0029500610683332,0,3.388425137586042,0.0295127789840717,0.0106288324715099,1.1696343890895615,0.0,,3.440952380952381,5.68,0.875,1.0,1.0,0.9583333333333334,1,1,Low,0.9722222222222223,High,Lower predicted next-day smoke concern; continue checking official air-quality information.,Research decision-support prototype only; not an official NT EPA warning or medical advice.
2024-12-03,2024-12-04,Winnellie,0.0061068903703906,0,3.973095351787824,0.0674018361759187,0.0,0.0,0.0,,5.430555555555555,6.42,0.75,0.875,0.875,0.875,1,1,Minimal,0.8958333333333334,Moderate,Lower predicted next-day smoke concern; continue checking official air-quality information.,Research decision-support prototype only; not an official NT EPA warning or medical advice.
2024-12-05,2024-12-06,Winnellie,0.0033352292017954,0,4.24561877481783,0.0495027930423535,0.0011810319580574,0.0985326326892886,0.0,,4.211304347826087,4.529583333333334,0.9583333333333334,1.0,1.0,0.9166666666666666,1,1,Low,0.9791666666666666,High,Lower predicted next-day smoke concern; continue checking official air-quality information.,Research decision-support prototype only; not an official NT EPA warning or medical advice.
2024-12-11,2024-12-12,Winnellie,0.0099885485309732,0,4.671710429530902,0.1306795587309533,0.0,0.0,0.0,,4.154761904761905,,0.875,0.125,0.125,0.0833333333333333,1,1,Minimal,0.5347222222222222,Limited,Lower predicted next-day smoke concern; continue checking official air-quality information.,Research decision-support prototype only; not an official NT EPA warning or medical advice.
2024-12-12,2024-12-13,Winnellie,0.0025078772941066,0,4.040432191943649,0.0188352145170598,0.0993287965059729,58.7261285493521,0.0,,3.6520833333333336,5.456315789473685,1.0,0.7916666666666666,0.7916666666666666,0.7916666666666666,1,1,Low,0.8958333333333334,Moderate,Lower predicted next-day smoke concern; continue checking official air-quality information.,Research decision-support prototype only; not an official NT EPA warning or medical advice.
2024-12-18,2024-12-19,Winnellie,0.0065062402041811,0,5.705144123674451,0.0933073133537103,7.1856328050825,272.3154916122276,0.0,,5.472272727272728,7.829166666666667,0.9166666666666666,1.0,1.0,1.0,1,1,Low,0.986111111111111,High,Lower predicted next-day smoke concern; continue checking official air-quality information.,Research decision-support prototype only; not an official NT EPA warning or medical advice.
2024-12-21,2024-12-22,Winnellie,0.0077391083950455,0,4.269204593686338,0.0631478124477942,0.0,0.0,0.0,,3.650434782608696,,0.9583333333333334,0.1666666666666666,0.1666666666666666,0.1666666666666666,1,1,Minimal,0.5763888888888888,Limited,Lower predicted next-day smoke concern; continue checking official air-quality information.,Research decision-support prototype only; not an official NT EPA warning or medical advice.
2024-12-24,2024-12-25,Winnellie,0.0029752376118056,0,4.296325631046589,0.0152708423965976,0.3740487271519123,157.3866082393675,0.0,,3.4114285714285715,6.059583333333333,0.875,1.0,1.0,0.9583333333333334,1,1,Low,0.9722222222222223,High,Lower predicted next-day smoke concern; continue checking official air-quality information.,Research decision-support prototype only; not an official NT EPA warning or medical advice.
2024-12-26,2024-12-27,Winnellie,0.0070438338055269,0,5.43495646103125,0.0616344240770243,0.1859525111870658,83.11971601009036,0.0,,5.097391304347826,4.93,0.9583333333333334,0.9166666666666666,0.9166666666666666,0.9166666666666666,1,1,Low,0.9513888888888888,High,Lower predicted next-day smoke concern; continue checking official air-quality information.,Research decision-support prototype only; not an official NT EPA warning or medical advice.
2024-12-27,2024-12-28,Winnellie,0.0045293802143601,0,5.984388320183744,0.0401892514664123,0.3766452085223284,149.26275851478584,0.0,,6.12625,3.465,1.0,1.0,1.0,0.9583333333333334,1,1,Low,0.9930555555555557,High,Lower predicted next-day smoke concern; continue checking official air-quality information.,Research decision-support prototype only; not an official NT EPA warning or medical advice.
2024-12-28,2024-12-29,Winnellie,0.0069735732311072,0,5.292661679774021,0.0666266959479865,0.0,0.0,0.0,,4.996666666666667,,1.0,0.25,0.625,0.5416666666666666,1,1,Minimal,0.736111111111111,Limited,Lower predicted next-day smoke concern; continue checking official air-quality information.,Research decision-support prototype only; not an official NT EPA warning or medical advice.
